year,state,county_1,county,family_households,nonfamily_households,fam_households_income12mntsbelowpoverty,nonfam_households_income12mntsbelowpoverty,population,pop_belowpoverty,pop_belowpoverty_lt6,pop_belowpoverty_6to11,pop_belowpoverty_12to17,pop_belowpoverty_18to59,pop_belowpoverty_60to74,pop_belowpoverty_75to84,pop_belowpoverty_85plus,pop_abovepoverty,pop_abovepoverty_lt6,pop_abovepoverty_6to11,pop_abovepoverty_12to17,pop_abovepoverty_18to59,pop_abovepoverty_60to74,pop_abovepoverty_75to84,pop_abovepoverty_85plus,median_household_income,per_capita_income
2013-01-01T00:00:00.000,42,1,"Adams County, Pennsylvania",27482,10659,1590,1316,97050,8490,1106,1064,943,4110,757,384,126,88560,5432,5694,7332,48950,14693,4891,1568,59492,27284
2013-01-01T00:00:00.000,42,3,"Allegheny County, Pennsylvania",304369,221635,26987,41401,1193906,153529,14860,13769,13280,87912,13890,6069,3749,1040377,61264,63513,69688,594169,160443,62592,28708,51366,31593
2013-01-01T00:00:00.000,42,5,"Armstrong County, Pennsylvania",19424,9101,1868,1758,67797,8828,1021,896,853,4500,936,338,284,58969,3133,3558,4135,32453,10207,4001,1482,45241,23661
2013-01-01T00:00:00.000,42,7,"Beaver County, Pennsylvania",46783,24084,4115,4360,167369,20342,2487,2093,1834,10444,2121,978,385,147027,8383,9128,10209,80375,24617,10405,3910,49217,26258
2013-01-01T00:00:00.000,42,9,"Bedford County, Pennsylvania",14168,6030,1304,1289,48655,6146,609,574,605,3159,728,310,161,42509,2342,2937,3209,22653,7721,2764,883,43290,22259
2013-01-01T00:00:00.000,42,11,"Berks County, Pennsylvania",105671,48226,10643,7679,399090,55348,7577,6512,6349,28721,4187,1526,476,343742,21714,24629,27706,193914,50039,18581,7159,55170,26723
2013-01-01T00:00:00.000,42,13,"Blair County, Pennsylvania",33328,18105,3186,3951,123627,17479,2073,1956,1433,9609,1456,588,364,106148,6100,7077,7464,58022,18182,6898,2405,42992,23875
2013-01-01T00:00:00.000,42,15,"Bradford County, Pennsylvania",16738,7475,1593,1451,61570,8166,1056,883,652,4103,961,357,154,53404,3348,3687,4049,28708,9315,3156,1141,46963,23667
2013-01-01T00:00:00.000,42,17,"Bucks County, Pennsylvania",165708,64658,6402,7372,617588,33433,2969,3182,3118,17415,3807,1908,1034,584155,36448,44092,49334,329161,85924,27376,11820,76555,37466
2013-01-01T00:00:00.000,42,19,"Butler County, Pennsylvania",50064,23149,3050,4039,179511,16756,1578,1380,1270,10127,1458,691,252,162755,10112,11961,13402,90645,24648,8477,3510,58230,30957
2013-01-01T00:00:00.000,42,21,"Cambria County, Pennsylvania",37228,20980,3634,5132,134627,19993,2512,2336,1574,10369,1838,908,456,114634,5977,7030,7910,61105,20649,8450,3513,41730,22659
2013-01-01T00:00:00.000,42,23,"Cameron County, Pennsylvania",1340,804,110,176,4923,646,69,67,99,303,66,29,13,4277,187,239,242,2303,834,330,142,41410,22747
2013-01-01T00:00:00.000,42,25,"Carbon County, Pennsylvania",17872,8031,1490,1428,64107,7440,951,872,725,4041,383,275,193,56667,2802,3571,4074,31371,10087,3379,1383,48900,24861
2013-01-01T00:00:00.000,42,27,"Centre County, Pennsylvania",32597,24600,2343,8523,137314,28141,1419,1267,934,23106,904,286,225,109173,6411,7160,6727,66088,15352,5553,1882,50336,25545
2013-01-01T00:00:00.000,42,29,"Chester County, Pennsylvania",130385,54403,5514,6639,490502,33895,3554,3236,2893,20004,2363,1295,550,456607,33626,37979,40260,255803,62319,18784,7836,86050,42210
2013-01-01T00:00:00.000,42,31,"Clarion County, Pennsylvania",10090,5686,1010,1734,37855,6945,705,570,469,4359,514,257,71,30910,1601,1908,2297,17166,5365,1938,635,42389,21902
2013-01-01T00:00:00.000,42,33,"Clearfield County, Pennsylvania",21512,10680,2338,2426,76463,11078,1569,1017,976,5869,1072,366,209,65385,3251,4092,4751,35716,11787,4227,1561,41030,21273
2013-01-01T00:00:00.000,42,35,"Clinton County, Pennsylvania",9698,5369,976,1265,36795,5914,649,583,478,3511,451,189,53,30881,1936,2042,2264,16844,5134,1903,758,42184,21875
2013-01-01T00:00:00.000,42,37,"Columbia County, Pennsylvania",16717,9508,1458,2485,62788,10438,670,726,614,7081,726,422,199,52350,2947,3054,3922,29143,9094,3164,1026,44807,23681
2013-01-01T00:00:00.000,42,39,"Crawford County, Pennsylvania",23012,11819,2658,2394,84343,13376,1750,1584,1453,6770,1250,386,183,70967,3978,4755,5608,38152,12687,4474,1313,42504,21741
2013-01-01T00:00:00.000,42,41,"Cumberland County, Pennsylvania",61683,33603,3305,4663,223903,18533,2281,1554,1523,10871,1139,768,397,205370,13076,14658,15042,114395,32374,11299,4526,60826,31791
2013-01-01T00:00:00.000,42,43,"Dauphin County, Pennsylvania",67882,40949,6276,6784,263362,34965,4547,4002,3607,18505,2791,1115,398,228397,15123,15586,17394,131104,33861,10699,4630,54066,29234
2013-01-01T00:00:00.000,42,45,"Delaware County, Pennsylvania",137038,67733,10302,9841,538284,55492,6787,5994,5928,29254,4601,1925,1003,482792,33959,34900,39304,273601,64958,24441,11629,64041,33179
2013-01-01T00:00:00.000,42,47,"Elk County, Pennsylvania",8923,4555,745,695,31422,3260,455,467,371,1495,268,146,58,28162,1356,1633,2128,15419,4903,1927,796,45767,23738
2013-01-01T00:00:00.000,42,49,"Erie County, Pennsylvania",69788,39887,8409,9679,268118,45408,5891,5373,4161,24762,3254,1307,660,222710,13515,15358,17256,125556,34318,11897,4810,45202,24189
2013-01-01T00:00:00.000,42,51,"Fayette County, Pennsylvania",35194,19169,4710,4702,132147,24260,2512,2639,2664,12648,2521,847,429,107887,5278,5919,7349,59517,19531,7469,2824,39115,20884
2013-01-01T00:00:00.000,42,53,"Forest County, Pennsylvania",1189,812,103,163,4803,782,45,94,61,383,122,47,30,4021,141,174,203,1834,1245,288,136,36556,13646
2013-01-01T00:00:00.000,42,55,"Franklin County, Pennsylvania",39765,18508,3030,2580,147806,16188,2330,1831,1511,8042,1558,560,356,131618,9507,9742,9798,71071,20955,7638,2907,52637,25741
2013-01-01T00:00:00.000,42,57,"Fulton County, Pennsylvania",4230,1735,332,327,14649,1624,195,141,136,849,176,102,25,13025,855,873,1016,6946,2423,711,201,48461,23201
2013-01-01T00:00:00.000,42,59,"Greene County, Pennsylvania",9520,4897,986,1063,34089,4999,492,615,265,2820,482,198,127,29090,1694,1994,2264,15653,5187,1554,744,44388,21819
2013-01-01T00:00:00.000,42,61,"Huntingdon County, Pennsylvania",11722,5471,1033,1250,40693,5183,610,489,459,2644,607,234,140,35510,2375,2350,2555,18713,6641,2132,744,44183,20739
2013-01-01T00:00:00.000,42,63,"Indiana County, Pennsylvania",21857,12453,2088,3983,83228,14695,1373,910,847,10037,906,462,160,68533,3756,4483,4910,37895,11735,3849,1905,43997,22933
2013-01-01T00:00:00.000,42,65,"Jefferson County, Pennsylvania",12282,6221,1322,1393,44207,6762,968,682,625,3398,662,303,124,37445,2083,2412,2702,20600,6311,2445,892,41262,21300
2013-01-01T00:00:00.000,42,67,"Juniata County, Pennsylvania",6580,2668,525,569,24382,2875,288,423,327,1356,306,90,85,21507,1449,1556,1726,11605,3449,1393,329,46163,21628
2013-01-01T00:00:00.000,42,69,"Lackawanna County, Pennsylvania",54388,31381,5158,6314,206410,28007,3350,2888,2404,14669,2660,1278,758,178403,10175,10800,13230,99019,29318,10885,4976,46044,25594
2013-01-01T00:00:00.000,42,71,"Lancaster County, Pennsylvania",136782,57300,10053,8565,508652,53177,7148,6208,5587,27182,4277,1735,1040,455475,34769,35633,37723,249273,64715,23841,9521,56483,26496
2013-01-01T00:00:00.000,42,73,"Lawrence County, Pennsylvania",24769,12054,2757,2488,87914,12667,1422,1304,1547,6464,1075,471,384,75247,4245,4758,5388,40347,12862,5241,2406,43546,22906
2013-01-01T00:00:00.000,42,75,"Lebanon County, Pennsylvania",36337,15686,2723,2215,130881,13950,2007,1649,1424,7084,1186,384,216,116931,8128,8523,8719,63066,18767,7358,2370,54818,27074
2013-01-01T00:00:00.000,42,77,"Lehigh County, Pennsylvania",89929,43360,9053,7297,342482,47016,6995,6158,5027,23852,3204,1230,550,295466,18544,21301,22657,168363,42276,15872,6453,54923,27923
2013-01-01T00:00:00.000,42,79,"Luzerne County, Pennsylvania",83178,47702,9598,9387,309333,48147,6234,5968,5083,24117,3943,2013,789,261186,12862,14624,18380,145767,44945,17394,7214,44402,24793
2013-01-01T00:00:00.000,42,81,"Lycoming County, Pennsylvania",29847,16199,2849,3480,111158,15731,2372,1441,1113,8857,1167,405,376,95427,5527,6159,7113,52843,15730,5775,2280,45430,22987
2013-01-01T00:00:00.000,42,83,"McKean County, Pennsylvania",11462,5988,1449,1307,40078,6667,893,588,693,3806,477,142,68,33411,1635,2228,2544,18214,5761,2164,865,41834,22426
2013-01-01T00:00:00.000,42,85,"Mercer County, Pennsylvania",30551,15636,2791,3296,108935,14655,1807,1637,1490,7563,1294,444,420,94280,5149,6123,7412,49821,16333,6552,2890,44301,22831
2013-01-01T00:00:00.000,42,87,"Mifflin County, Pennsylvania",12606,6105,1272,1230,46071,7032,1110,890,593,3341,713,262,123,39039,2390,2852,2773,20392,7206,2466,960,40384,20794
2013-01-01T00:00:00.000,42,89,"Monroe County, Pennsylvania",43483,15392,3770,2669,165394,19790,1401,1492,2999,11682,1490,331,395,145604,8441,11124,12757,83381,21773,5878,2250,57408,25494
2013-01-01T00:00:00.000,42,91,"Montgomery County, Pennsylvania",208752,98736,8365,11468,784679,48007,4237,3679,4466,26015,5295,2764,1551,736672,51629,55956,60154,413209,102250,36866,16608,79183,41472
2013-01-01T00:00:00.000,42,93,"Montour County, Pennsylvania",4786,2447,299,411,17757,1769,172,202,131,955,141,114,54,15988,937,1094,1101,8909,2538,987,422,51482,29600
2013-01-01T00:00:00.000,42,95,"Northampton County, Pennsylvania",77529,34660,5526,5139,287165,27876,2897,2844,2631,15536,2620,980,368,259289,16008,18668,19990,144441,39281,14685,6216,60097,29266
2013-01-01T00:00:00.000,42,97,"Northumberland County, Pennsylvania",25777,13571,2626,2652,89877,12761,1818,1445,1043,6255,1381,589,230,77116,4446,4543,5089,41937,14013,4974,2114,41208,22478
2013-01-01T00:00:00.000,42,99,"Perry County, Pennsylvania",13061,5112,822,770,45091,4362,559,454,505,2305,349,125,65,40729,2614,2685,3275,23279,6569,1803,504,57375,26048
2013-01-01T00:00:00.000,42,101,"Philadelphia County, Pennsylvania",308924,271093,65051,77048,1494160,395789,44886,39620,38924,226076,31302,10399,4582,1098371,77279,66414,72899,669730,142484,48232,21333,37192,22279
2013-01-01T00:00:00.000,42,103,"Pike County, Pennsylvania",15528,6053,1137,908,56449,5119,415,400,608,2967,526,173,30,51330,2532,3542,4845,27230,9544,2702,935,59340,27691
2013-01-01T00:00:00.000,42,105,"Potter County, Pennsylvania",4800,2277,545,433,17182,2594,349,219,273,1315,303,71,64,14588,813,1048,1088,7383,2911,929,416,41547,22564
2013-01-01T00:00:00.000,42,107,"Schuylkill County, Pennsylvania",39176,20482,3374,4169,140278,17946,2180,1781,1405,9470,1730,920,460,122332,6692,7626,8975,66523,21387,7967,3162,45012,23021
2013-01-01T00:00:00.000,42,109,"Snyder County, Pennsylvania",10421,3976,843,762,37324,4438,547,497,532,2224,359,169,110,32886,2102,2328,2635,18106,5226,1880,609,46513,23088
2013-01-01T00:00:00.000,42,111,"Somerset County, Pennsylvania",20615,9176,1815,1917,73064,9082,999,838,868,4362,1124,624,267,63982,3368,3982,4451,35137,11201,4219,1624,43597,22192
2013-01-01T00:00:00.000,42,113,"Sullivan County, Pennsylvania",1528,874,100,213,6256,870,61,35,75,571,74,27,27,5386,235,229,322,2795,1193,413,199,40964,22923
2013-01-01T00:00:00.000,42,115,"Susquehanna County, Pennsylvania",11782,5381,1115,983,42400,5484,543,521,617,2935,531,210,127,36916,2034,2286,2680,19820,7198,2120,778,48231,24477
2013-01-01T00:00:00.000,42,117,"Tioga County, Pennsylvania",11753,5305,1226,1235,40515,6199,643,606,443,3535,547,278,147,34316,2057,2218,2415,18297,6527,2172,630,44187,22621
2013-01-01T00:00:00.000,42,119,"Union County, Pennsylvania",10255,4807,885,857,35756,4400,427,388,485,2655,257,141,47,31356,2037,2397,2209,16682,5157,2079,795,48528,22259
2013-01-01T00:00:00.000,42,121,"Venango County, Pennsylvania",15124,7423,1686,1675,53367,8526,1110,1109,856,4180,809,273,189,44841,2357,2667,2930,24448,8387,3034,1018,41977,22060
2013-01-01T00:00:00.000,42,123,"Warren County, Pennsylvania",11223,6034,892,1242,40464,5112,588,509,438,2651,560,224,142,35352,1848,2199,2634,19108,6480,2369,714,43764,24179
2013-01-01T00:00:00.000,42,125,"Washington County, Pennsylvania",55569,28529,4066,5227,203268,21437,2117,1693,1757,12315,2240,939,376,181831,10500,12357,13189,98818,31220,11165,4582,53693,28433
2013-01-01T00:00:00.000,42,127,"Wayne County, Pennsylvania",13399,6159,1122,1087,48590,5945,563,634,577,3159,563,324,125,42645,1941,2606,3260,22350,8873,2699,916,49313,24005
2013-01-01T00:00:00.000,42,129,"Westmoreland County, Pennsylvania",101612,50497,7112,9054,356036,36383,4096,3612,3208,19236,3487,1839,905,319653,16658,20216,22214,172580,57563,21334,9088,50736,28051
2013-01-01T00:00:00.000,42,131,"Wyoming County, Pennsylvania",7487,3505,592,732,27399,3312,356,438,381,1599,310,169,59,24087,1444,1474,1795,13279,4532,1163,400,48482,24195
2013-01-01T00:00:00.000,42,133,"York County, Pennsylvania",117774,49818,8439,7384,427447,43161,5745,4681,4189,22942,3700,1331,573,384286,25333,28640,30401,218155,56360,18349,7048,58745,28132
2014-01-01T00:00:00.000,42,1,"Adams County, Pennsylvania",27152,10804,1851,1272,97195,9668,1318,1275,977,4785,827,364,122,87527,5015,5642,6960,48018,15251,5035,1606,60068,27701
2014-01-01T00:00:00.000,42,3,"Allegheny County, Pennsylvania",305060,222385,27407,41631,1195755,154639,14750,13568,13137,89607,14257,5789,3531,1041116,61005,63902,68196,592302,165120,61329,29262,52390,32378
2014-01-01T00:00:00.000,42,5,"Armstrong County, Pennsylvania",19366,9250,1878,1699,67532,8972,1020,914,905,4582,967,314,270,58560,3085,3373,4091,31873,10584,3931,1623,45375,24266
2014-01-01T00:00:00.000,42,7,"Beaver County, Pennsylvania",46200,24136,4052,4411,167300,20218,2330,2306,1579,10489,2119,978,417,147082,8389,8935,10114,79902,25310,10348,4084,50242,26925
2014-01-01T00:00:00.000,42,9,"Bedford County, Pennsylvania",14075,6070,1446,1180,48580,6575,650,691,734,3326,750,247,177,42005,2381,2709,3045,22227,7885,2823,935,44692,23075
2014-01-01T00:00:00.000,42,11,"Berks County, Pennsylvania",106392,47465,11115,7860,400042,57239,7137,6994,6800,29905,4316,1566,521,342803,22059,24034,27234,191636,52110,18448,7282,55798,26998
2014-01-01T00:00:00.000,42,13,"Blair County, Pennsylvania",32863,18085,3033,4168,123534,17592,2249,1622,1324,9946,1428,657,366,105942,6145,6987,7583,57163,18887,6552,2625,43871,23785
2014-01-01T00:00:00.000,42,15,"Bradford County, Pennsylvania",16646,7692,1549,1431,61488,8106,1062,896,600,4043,1012,349,144,53382,3297,3499,4205,28318,9745,3150,1168,48418,24431
2014-01-01T00:00:00.000,42,17,"Bucks County, Pennsylvania",165939,66020,6824,7915,617670,36276,3380,3353,3350,18939,4314,1873,1067,581394,35646,42778,48268,326015,88604,27983,12100,76824,37910
2014-01-01T00:00:00.000,42,19,"Butler County, Pennsylvania",50332,23806,2896,4225,179822,16050,1516,1328,1166,9676,1519,583,262,163772,10056,11618,13491,90710,25471,8751,3675,59365,31818
2014-01-01T00:00:00.000,42,21,"Cambria County, Pennsylvania",37063,20896,3769,4953,132831,19846,2616,2338,1613,10291,1756,800,432,112985,5719,7012,7611,59319,21486,8217,3621,42304,23191
2014-01-01T00:00:00.000,42,23,"Cameron County, Pennsylvania",1386,828,111,164,4866,623,61,60,89,318,55,32,8,4243,174,244,234,2235,903,286,167,41157,25087
2014-01-01T00:00:00.000,42,25,"Carbon County, Pennsylvania",17551,8213,1302,1414,63898,7112,865,932,672,3737,424,296,186,56786,2833,3513,3966,31454,10278,3364,1378,49913,25294
2014-01-01T00:00:00.000,42,27,"Centre County, Pennsylvania",32448,24835,2281,8229,139471,28344,1241,1105,1012,23385,1019,358,224,111127,6735,7170,6797,66906,16045,5474,2000,50295,25803
2014-01-01T00:00:00.000,42,29,"Chester County, Pennsylvania",129876,55430,5563,6653,493535,34936,3678,3408,3189,20336,2777,1030,518,458599,32650,37765,39939,256330,64479,18927,8509,86093,42323
2014-01-01T00:00:00.000,42,31,"Clarion County, Pennsylvania",9901,5945,1026,1690,37681,7135,723,601,502,4544,480,219,66,30546,1640,1815,2117,16764,5572,2002,636,42880,22341
2014-01-01T00:00:00.000,42,33,"Clearfield County, Pennsylvania",21163,10700,2374,2487,76142,11404,1476,922,1084,6092,1288,332,210,64738,3106,4165,4599,35181,11860,4135,1692,41510,21102
2014-01-01T00:00:00.000,42,35,"Clinton County, Pennsylvania",9849,5098,1060,1313,37005,6248,691,681,509,3716,404,189,58,30757,1811,2099,2159,16792,5241,1893,762,44329,21595
2014-01-01T00:00:00.000,42,37,"Columbia County, Pennsylvania",16852,9561,1328,2590,62846,9925,716,660,628,6627,638,437,219,52921,2919,3199,3779,29429,9458,3049,1088,46367,23913
2014-01-01T00:00:00.000,42,39,"Crawford County, Pennsylvania",23141,11572,2706,2302,83986,13134,1658,1514,1400,6760,1299,338,165,70852,3872,4709,5582,37569,13203,4542,1375,43622,22421
2014-01-01T00:00:00.000,42,41,"Cumberland County, Pennsylvania",61739,34096,3416,4743,225892,19555,2349,1686,1659,11557,1149,769,386,206337,13097,14406,15001,114200,33654,11204,4775,61417,32179
2014-01-01T00:00:00.000,42,43,"Dauphin County, Pennsylvania",68644,40383,6519,6764,265172,36145,4440,4104,3635,19772,2915,966,313,229027,15603,15232,17509,130252,34627,10861,4943,54337,29536
2014-01-01T00:00:00.000,42,45,"Delaware County, Pennsylvania",136754,67817,10417,10084,539465,56868,6849,5716,6055,30139,5100,2056,953,482597,33811,34564,38897,272080,67564,23952,11729,64174,33539
2014-01-01T00:00:00.000,42,47,"Elk County, Pennsylvania",8830,4545,813,654,31140,3214,369,449,288,1569,302,176,61,27926,1366,1595,2138,15179,4954,1942,752,46576,24071
2014-01-01T00:00:00.000,42,49,"Erie County, Pennsylvania",69296,40404,8222,9810,267836,44743,5654,5216,4073,24581,3326,1282,611,223093,13639,15336,17135,124921,35426,11671,4965,45703,24505
2014-01-01T00:00:00.000,42,51,"Fayette County, Pennsylvania",34400,19587,4721,5133,131497,25018,2708,2605,2709,12882,2769,881,464,106479,5364,5696,7016,58568,19746,6948,3141,38879,21319
2014-01-01T00:00:00.000,42,53,"Forest County, Pennsylvania",1247,828,112,166,4265,677,42,78,61,290,147,24,35,3588,121,129,179,1461,1230,335,133,36037,13680
2014-01-01T00:00:00.000,42,55,"Franklin County, Pennsylvania",40113,18185,3299,2387,148872,17270,2714,2124,1446,8488,1603,532,363,131602,8742,9662,9891,70946,21510,7819,3032,53394,25540
2014-01-01T00:00:00.000,42,57,"Fulton County, Pennsylvania",4214,1767,356,335,14636,1709,199,126,176,888,185,110,25,12927,830,833,1012,6843,2461,744,204,48452,23192
2014-01-01T00:00:00.000,42,59,"Greene County, Pennsylvania",9530,4853,990,1004,33828,4917,494,657,296,2625,480,216,149,28911,1674,1963,2094,15672,5301,1438,769,46485,22847
2014-01-01T00:00:00.000,42,61,"Huntingdon County, Pennsylvania",11673,5558,1130,1245,40785,5601,688,550,499,2833,684,198,149,35184,2143,2330,2461,18346,6798,2241,865,44163,20918
2014-01-01T00:00:00.000,42,63,"Indiana County, Pennsylvania",21672,12726,1996,4099,82870,14223,1390,874,792,9644,902,406,215,68647,3653,4587,4799,37786,12063,3917,1842,45168,23577
2014-01-01T00:00:00.000,42,65,"Jefferson County, Pennsylvania",12272,6311,1247,1378,44075,6554,932,669,630,3289,630,293,111,37521,2120,2394,2667,20322,6621,2458,939,42295,21952
2014-01-01T00:00:00.000,42,67,"Juniata County, Pennsylvania",6620,2709,545,603,24452,3027,370,350,336,1466,331,85,89,21425,1440,1452,1707,11440,3583,1378,425,47269,22134
2014-01-01T00:00:00.000,42,69,"Lackawanna County, Pennsylvania",53406,31929,5285,6403,206077,29226,3228,3148,2422,15784,2825,1206,613,176851,10179,10958,12683,97184,30162,10412,5273,46056,25624
2014-01-01T00:00:00.000,42,71,"Lancaster County, Pennsylvania",136731,57772,10007,9165,512222,54151,7277,6316,5531,27815,4348,1770,1094,458071,34622,36049,37167,249421,67175,23915,9722,57120,26892
2014-01-01T00:00:00.000,42,73,"Lawrence County, Pennsylvania",24446,12170,2647,2701,87472,12660,1384,1326,1449,6647,1160,374,320,74812,4246,4805,5213,39619,13322,5143,2464,43991,23519
2014-01-01T00:00:00.000,42,75,"Lebanon County, Pennsylvania",36302,15491,2870,2168,131886,14379,1902,1661,1589,7269,1331,384,243,117507,8362,8253,8883,63110,19059,7311,2529,56173,27060
2014-01-01T00:00:00.000,42,77,"Lehigh County, Pennsylvania",89467,44217,8706,7602,345265,46131,6457,6243,4400,23557,3724,1183,567,299134,18775,21026,23896,168947,44085,15491,6914,55681,28139
2014-01-01T00:00:00.000,42,79,"Luzerne County, Pennsylvania",82250,47085,9928,9550,308711,50295,6847,6194,5058,25318,4127,1905,846,258416,12504,14346,17681,143475,46065,17024,7321,45118,25091
2014-01-01T00:00:00.000,42,81,"Lycoming County, Pennsylvania",29845,16163,3132,3268,111109,16395,2373,1471,1444,9039,1298,382,388,94714,5509,6328,6669,52030,16214,5616,2348,45877,23531
2014-01-01T00:00:00.000,42,83,"McKean County, Pennsylvania",11190,6150,1427,1263,39828,6622,809,638,677,3804,508,119,67,33206,1620,2195,2467,17918,5901,2170,935,42913,23034
2014-01-01T00:00:00.000,42,85,"Mercer County, Pennsylvania",30529,15599,3010,3242,108475,15185,1925,1741,1558,7832,1283,460,386,93290,4935,5957,7060,48963,17066,6578,2731,43715,23195
2014-01-01T00:00:00.000,42,87,"Mifflin County, Pennsylvania",12531,6291,1373,1367,45877,7248,1056,952,575,3648,658,234,125,38629,2268,2653,2862,20137,7212,2483,1014,40947,20772
2014-01-01T00:00:00.000,42,89,"Monroe County, Pennsylvania",42252,15409,3967,2733,165152,20716,1465,1796,2895,12226,1623,416,295,144436,7980,10642,12272,82624,22476,6039,2403,57748,25266
2014-01-01T00:00:00.000,42,91,"Montgomery County, Pennsylvania",210447,97506,8689,11999,789516,50688,4114,4189,4816,27533,5682,2930,1424,738828,51073,55454,59744,412838,106171,36311,17237,79926,41699
2014-01-01T00:00:00.000,42,93,"Montour County, Pennsylvania",4710,2670,331,500,17766,1875,199,204,91,1014,180,111,76,15891,971,1073,1059,8780,2632,947,429,53604,30455
2014-01-01T00:00:00.000,42,95,"Northampton County, Pennsylvania",78103,34687,5575,5433,288350,28378,2935,2769,2730,15832,2696,936,480,259972,15727,18240,20095,144428,40523,14352,6607,61041,30116
2014-01-01T00:00:00.000,42,97,"Northumberland County, Pennsylvania",25215,13955,2462,2669,89517,12673,1711,1241,1141,6332,1425,484,339,76844,4357,4721,5001,41455,14230,5019,2061,41560,22633
2014-01-01T00:00:00.000,42,99,"Perry County, Pennsylvania",12745,5332,838,758,45066,4355,566,453,468,2345,356,95,72,40711,2583,2635,3317,22922,6929,1736,589,57417,26242
2014-01-01T00:00:00.000,42,101,"Philadelphia County, Pennsylvania",308324,271973,65313,77083,1503859,401219,46292,40522,39371,227775,32153,10266,4840,1102640,78652,65923,70209,672743,146328,47459,21326,37460,22542
2014-01-01T00:00:00.000,42,103,"Pike County, Pennsylvania",15256,5927,1134,892,56118,5482,494,443,681,2971,665,193,35,50636,2236,3374,4543,26845,9831,2876,931,58906,27935
2014-01-01T00:00:00.000,42,105,"Potter County, Pennsylvania",4576,2272,497,410,17152,2475,309,162,267,1305,318,65,49,14677,831,1112,1043,7354,2941,938,458,41862,22997
2014-01-01T00:00:00.000,42,107,"Schuylkill County, Pennsylvania",38599,20523,3637,3852,139848,18679,2218,1917,1547,9945,1718,823,511,121169,6482,7772,8460,65405,21991,7798,3261,45020,23249
2014-01-01T00:00:00.000,42,109,"Snyder County, Pennsylvania",10405,4009,794,700,37609,4139,477,484,530,1961,374,208,105,33470,2162,2433,2551,18411,5435,1866,612,48718,23886
2014-01-01T00:00:00.000,42,111,"Somerset County, Pennsylvania",20602,9146,1818,1888,72475,9206,947,908,928,4379,1192,541,311,63269,3433,3758,4314,34375,11560,4192,1637,44255,22618
2014-01-01T00:00:00.000,42,113,"Sullivan County, Pennsylvania",1571,905,110,198,6226,920,52,56,89,603,50,45,25,5306,227,196,268,2752,1280,377,206,41786,23418
2014-01-01T00:00:00.000,42,115,"Susquehanna County, Pennsylvania",11695,5570,1022,1068,42230,5354,573,487,514,2845,611,213,111,36876,1954,2263,2733,19837,7144,2118,827,49948,25454
2014-01-01T00:00:00.000,42,117,"Tioga County, Pennsylvania",11429,5373,1125,1238,40821,6199,783,594,366,3470,569,272,145,34622,2059,2281,2339,18399,6683,2173,688,45863,23596
2014-01-01T00:00:00.000,42,119,"Union County, Pennsylvania",10318,4740,958,804,35737,4217,433,362,492,2440,284,179,27,31520,1976,2552,2138,16731,5295,2090,738,48827,22858
2014-01-01T00:00:00.000,42,121,"Venango County, Pennsylvania",15156,7256,1705,1483,53124,8487,1156,1129,807,4311,738,209,137,44637,2228,2588,2977,24029,8632,3149,1034,43291,22923
2014-01-01T00:00:00.000,42,123,"Warren County, Pennsylvania",11097,5932,967,1145,40221,5224,590,533,497,2691,608,201,104,34997,1870,2014,2488,18802,6624,2461,738,44391,25054
2014-01-01T00:00:00.000,42,125,"Washington County, Pennsylvania",55011,28633,4072,4925,203251,21377,2071,1818,1802,11892,2600,826,368,181874,10497,12003,13028,98809,31645,11283,4609,55323,29816
2014-01-01T00:00:00.000,42,127,"Wayne County, Pennsylvania",13210,6152,1116,1152,48235,6255,590,615,550,3409,670,298,123,41980,1879,2619,3029,22059,8770,2696,928,49285,24132
2014-01-01T00:00:00.000,42,129,"Westmoreland County, Pennsylvania",100830,50659,7016,9266,354629,36593,3823,3932,3155,19346,3506,1773,1058,318036,16244,19964,21755,170528,59199,20742,9604,51593,28654
2014-01-01T00:00:00.000,42,131,"Wyoming County, Pennsylvania",7375,3520,545,765,27518,3118,326,377,337,1522,323,163,70,24400,1432,1540,1789,13414,4650,1195,380,51021,25306
2014-01-01T00:00:00.000,42,133,"York County, Pennsylvania",118057,50221,8896,7662,429027,44374,5470,5171,4562,23534,3712,1397,528,384653,25147,27787,30283,217001,58629,19026,6780,58906,28454
2015-01-01T00:00:00.000,42,1,"Adams County, Pennsylvania",27376,10817,1595,1319,97392,8715,965,1059,926,4419,904,354,88,88677,5329,5779,6851,48017,15794,5247,1660,60356,27870
2015-01-01T00:00:00.000,42,3,"Allegheny County, Pennsylvania",305488,224046,27381,41935,1198017,155874,15229,14028,12956,89800,14550,5725,3586,1042143,61271,62855,66971,590115,171633,60030,29268,53040,32848
2015-01-01T00:00:00.000,42,5,"Armstrong County, Pennsylvania",19141,9383,1806,1732,67215,8738,961,863,823,4500,952,353,286,58477,3197,3393,3973,31401,11001,3815,1697,44942,24391
2015-01-01T00:00:00.000,42,7,"Beaver County, Pennsylvania",46003,24076,4014,4265,167154,19888,2300,2280,1729,10248,1991,951,389,147266,8320,8853,9805,79667,26257,9902,4462,50581,27233
2015-01-01T00:00:00.000,42,9,"Bedford County, Pennsylvania",13911,6089,1453,1269,48309,6643,644,695,642,3430,827,254,151,41666,2267,2661,3108,21788,8058,2824,960,45930,23195
2015-01-01T00:00:00.000,42,11,"Berks County, Pennsylvania",105998,47314,10866,8160,400930,56855,6813,7330,6663,29121,4800,1513,615,344075,22014,24227,26786,191589,53746,18570,7143,55936,27146
2015-01-01T00:00:00.000,42,13,"Blair County, Pennsylvania",32758,18276,3275,4151,123466,18548,2469,1836,1446,10135,1580,709,373,104918,5921,6884,7200,56354,19392,6362,2805,43981,23865
2015-01-01T00:00:00.000,42,15,"Bradford County, Pennsylvania",16651,7707,1512,1543,61229,8336,1061,960,708,4099,1040,320,148,52893,3241,3488,3959,27816,10065,3208,1116,48987,25577
2015-01-01T00:00:00.000,42,17,"Bucks County, Pennsylvania",166529,66537,7031,8142,618044,36868,3461,3134,3110,19682,4447,2032,1002,581176,34933,42214,47974,323622,91896,28131,12406,77568,38795
2015-01-01T00:00:00.000,42,19,"Butler County, Pennsylvania",50775,23701,3090,4282,180319,16325,1508,1490,1162,9594,1747,513,311,163994,9924,11615,13042,90389,26375,9039,3610,60934,32301
2015-01-01T00:00:00.000,42,21,"Cambria County, Pennsylvania",36531,20934,3760,5141,131376,20011,2597,2165,1726,10416,1800,838,469,111365,5724,6869,7416,57751,22038,8120,3447,42107,23410
2015-01-01T00:00:00.000,42,23,"Cameron County, Pennsylvania",1320,850,106,186,4802,626,70,68,55,324,75,25,9,4176,164,222,265,2180,901,295,149,39897,25240
2015-01-01T00:00:00.000,42,25,"Carbon County, Pennsylvania",17277,8474,1241,1383,63589,6909,740,1001,736,3478,527,270,157,56680,2923,3572,3692,31336,10372,3399,1386,49973,25398
2015-01-01T00:00:00.000,42,27,"Centre County, Pennsylvania",32532,24651,2102,7925,141001,27217,1109,1011,967,22532,1034,359,205,113784,6709,7225,7073,68214,16815,5672,2076,52186,26492
2015-01-01T00:00:00.000,42,29,"Chester County, Pennsylvania",130680,55377,5701,6708,496754,35053,3911,3204,3258,20224,2916,1051,489,461701,31972,37738,39853,256628,67423,19466,8621,85976,42556
2015-01-01T00:00:00.000,42,31,"Clarion County, Pennsylvania",9906,5924,982,1777,37834,6881,608,416,444,4554,579,212,68,30953,1743,1989,2129,16758,5663,2016,655,42536,22136
2015-01-01T00:00:00.000,42,33,"Clearfield County, Pennsylvania",21184,10633,2223,2580,75612,11306,1309,1097,1064,5936,1320,377,203,64306,3090,4058,4539,34710,12050,4198,1661,42257,21362
2015-01-01T00:00:00.000,42,35,"Clinton County, Pennsylvania",9911,4885,1120,1240,37178,6086,761,704,557,3353,394,216,101,31092,1783,2081,2107,17160,5357,1795,809,45078,21937
2015-01-01T00:00:00.000,42,37,"Columbia County, Pennsylvania",16765,9413,1419,2598,62629,10067,715,672,755,6553,723,423,226,52562,2753,3304,3643,29044,9686,3006,1126,45374,23580
2015-01-01T00:00:00.000,42,39,"Crawford County, Pennsylvania",23333,11242,2589,2253,83568,12321,1644,1274,1164,6441,1236,436,126,71247,3869,4740,5773,37109,13877,4432,1447,44579,22726
2015-01-01T00:00:00.000,42,41,"Cumberland County, Pennsylvania",62224,33726,3506,4587,227889,19984,2380,1738,1804,11735,1157,736,434,207905,13001,14215,15394,114189,34989,11211,4906,61820,32398
2015-01-01T00:00:00.000,42,43,"Dauphin County, Pennsylvania",69264,40359,6506,6812,266644,36269,4698,4112,3299,19668,3224,919,349,230375,15451,15123,17586,130326,35962,11162,4765,53754,29461
2015-01-01T00:00:00.000,42,45,"Delaware County, Pennsylvania",136633,67184,10248,10273,540677,57202,6797,5617,5863,30718,5172,2043,992,483475,33270,34573,38747,270893,70432,24037,11523,65123,34064
2015-01-01T00:00:00.000,42,47,"Elk County, Pennsylvania",8556,4688,659,609,30909,2721,268,322,182,1467,294,144,44,28188,1529,1764,2059,15006,5069,2043,718,46671,24647
2015-01-01T00:00:00.000,42,49,"Erie County, Pennsylvania",69932,40002,8330,9426,267554,44595,5782,5083,4132,24463,3335,1269,531,222959,13612,15395,16725,124085,36463,11777,4902,45971,24856
2015-01-01T00:00:00.000,42,51,"Fayette County, Pennsylvania",34500,19497,4882,5472,130893,25282,2695,2673,2796,12964,2724,955,475,105611,5453,5622,6652,57447,20529,6790,3118,39636,22014
2015-01-01T00:00:00.000,42,53,"Forest County, Pennsylvania",1167,807,88,153,3651,523,43,74,60,185,124,14,23,3128,97,82,116,1070,1231,409,123,35533,13645
2015-01-01T00:00:00.000,42,55,"Franklin County, Pennsylvania",40598,17972,3509,2443,149819,17554,2551,2232,1543,8446,1702,590,490,132265,8607,9614,9858,71232,21997,7751,3206,53916,26025
2015-01-01T00:00:00.000,42,57,"Fulton County, Pennsylvania",4161,1799,358,371,14576,1779,207,141,158,921,209,114,29,12797,760,846,980,6765,2468,766,212,48311,23435
2015-01-01T00:00:00.000,42,59,"Greene County, Pennsylvania",9616,4778,1024,891,33508,4672,527,610,274,2394,534,227,106,28836,1691,1993,2068,15410,5413,1510,751,46661,23232
2015-01-01T00:00:00.000,42,61,"Huntingdon County, Pennsylvania",11758,5467,1138,1200,40695,5578,643,554,521,2822,728,205,105,35117,2187,2313,2413,18174,6875,2272,883,44396,21714
2015-01-01T00:00:00.000,42,63,"Indiana County, Pennsylvania",21318,12743,2002,3795,81959,14176,1376,1035,823,9424,880,457,181,67783,3601,4344,4613,36839,12631,3963,1792,45195,23450
2015-01-01T00:00:00.000,42,65,"Jefferson County, Pennsylvania",12293,6186,1246,1396,43886,6414,882,693,592,3108,701,326,112,37472,2085,2412,2701,20232,6699,2378,965,42903,22282
2015-01-01T00:00:00.000,42,67,"Juniata County, Pennsylvania",6414,2979,538,657,24513,3245,376,348,420,1479,427,100,95,21268,1421,1433,1596,11410,3585,1228,595,47398,22170
2015-01-01T00:00:00.000,42,69,"Lackawanna County, Pennsylvania",52407,32627,5434,6631,205256,30447,3098,3475,2666,16324,3131,1205,548,174809,9995,10897,12170,95332,30936,10278,5201,46271,25608
2015-01-01T00:00:00.000,42,71,"Lancaster County, Pennsylvania",137133,58197,9994,9166,515777,55372,7457,6553,5734,28660,4150,1725,1093,460405,34650,35577,36788,248555,70557,24027,10251,57721,27158
2015-01-01T00:00:00.000,42,73,"Lawrence County, Pennsylvania",24228,12207,2772,2730,86768,13192,1558,1435,1364,6887,1322,345,281,73576,3830,4680,5050,38520,14004,5009,2483,44571,24450
2015-01-01T00:00:00.000,42,75,"Lebanon County, Pennsylvania",35976,16291,2959,2363,132541,14922,1806,1849,1646,7489,1486,450,196,117619,8431,8095,8857,62778,19599,7323,2536,55499,26526
2015-01-01T00:00:00.000,42,77,"Lehigh County, Pennsylvania",89871,44089,8697,7031,347353,45488,6245,5952,4492,23521,3666,1135,477,301865,19029,21296,23740,169393,45988,15174,7245,56117,28688
2015-01-01T00:00:00.000,42,79,"Luzerne County, Pennsylvania",81766,46926,9654,9702,308091,48822,6140,5850,4938,24697,4170,2050,977,259269,13135,14296,17796,143318,46965,16327,7432,45897,25224
2015-01-01T00:00:00.000,42,81,"Lycoming County, Pennsylvania",29537,16369,3011,3059,110999,16150,2344,1517,1459,8834,1366,355,275,94849,5440,6349,6664,51368,16862,5660,2506,47313,24194
2015-01-01T00:00:00.000,42,83,"McKean County, Pennsylvania",11034,6366,1418,1375,39659,6830,786,678,605,4042,531,135,53,32829,1682,2312,2267,17542,6034,2075,917,43965,23554
2015-01-01T00:00:00.000,42,85,"Mercer County, Pennsylvania",30174,15372,2903,2882,107882,14549,1855,1681,1559,7445,1304,419,286,93333,5032,5771,6884,48781,17420,6540,2905,44156,23683
2015-01-01T00:00:00.000,42,87,"Mifflin County, Pennsylvania",12542,6172,1365,1374,45807,7216,1070,948,637,3598,661,233,69,38591,2177,2648,2822,19982,7347,2569,1046,41288,20769
2015-01-01T00:00:00.000,42,89,"Monroe County, Pennsylvania",41743,15554,3921,2751,165258,20702,1371,1732,2714,12546,1662,391,286,144556,7790,10487,12117,82164,23423,6096,2479,57365,25022
2015-01-01T00:00:00.000,42,91,"Montgomery County, Pennsylvania",210938,97688,9050,12381,792534,52330,3958,4430,4888,28832,6092,2814,1316,740204,50822,55348,58744,411625,109768,36336,17561,80675,42275
2015-01-01T00:00:00.000,42,93,"Montour County, Pennsylvania",4657,2723,276,511,17712,1749,135,234,103,975,166,73,63,15963,1047,1033,1045,8631,2747,999,461,54648,30272
2015-01-01T00:00:00.000,42,95,"Northampton County, Pennsylvania",78401,34526,5312,5349,288852,27294,2662,2586,2774,14948,2792,969,563,261558,15633,18200,19804,144691,42353,14192,6685,60972,30176
2015-01-01T00:00:00.000,42,97,"Northumberland County, Pennsylvania",24849,14526,2344,2836,89094,12279,1466,1226,1095,6417,1262,447,366,76815,4473,4631,4905,41097,14661,4841,2207,42406,23291
2015-01-01T00:00:00.000,42,99,"Perry County, Pennsylvania",12769,5316,791,757,44978,4217,543,407,383,2240,473,85,86,40761,2585,2628,3285,22702,7172,1786,603,57177,27019
2015-01-01T00:00:00.000,42,101,"Philadelphia County, Pennsylvania",309568,271482,65137,76173,1512394,399352,46439,41405,38960,224579,32960,10003,5006,1113042,78971,65730,69451,681889,149161,47278,20562,38253,22919
2015-01-01T00:00:00.000,42,103,"Pike County, Pennsylvania",15207,5872,1080,863,55881,5532,583,429,640,3024,649,174,33,50349,2122,3195,4330,26711,9984,2971,1036,60180,28533
2015-01-01T00:00:00.000,42,105,"Potter County, Pennsylvania",4353,2316,508,434,17093,2570,298,171,285,1348,359,74,35,14523,857,1076,1009,7247,2926,960,448,40654,22318
2015-01-01T00:00:00.000,42,107,"Schuylkill County, Pennsylvania",38066,20488,3468,3931,139127,18278,2097,1891,1534,9633,1866,741,516,120849,6427,7979,8290,64803,22397,7768,3185,45535,23682
2015-01-01T00:00:00.000,42,109,"Snyder County, Pennsylvania",10496,3946,839,719,37707,4077,453,550,473,1907,375,213,106,33630,2077,2477,2531,18493,5548,1877,627,49917,23836
2015-01-01T00:00:00.000,42,111,"Somerset County, Pennsylvania",20543,9076,1845,1875,71725,9074,960,962,834,4389,1105,541,283,62651,3353,3643,4287,33675,11932,3982,1779,44587,22980
2015-01-01T00:00:00.000,42,113,"Sullivan County, Pennsylvania",1659,1010,94,196,6188,802,42,49,72,484,82,45,28,5386,229,203,237,2824,1319,385,189,44189,25054
2015-01-01T00:00:00.000,42,115,"Susquehanna County, Pennsylvania",11858,5629,1070,1131,41945,5455,619,478,530,2899,642,211,76,36490,1850,2265,2614,19634,7146,2192,789,50477,25958
2015-01-01T00:00:00.000,42,117,"Tioga County, Pennsylvania",11200,5411,1062,1129,41028,5891,814,544,275,3358,583,212,105,35137,1993,2222,2430,18627,6843,2290,732,46494,23980
2015-01-01T00:00:00.000,42,119,"Union County, Pennsylvania",10118,4798,955,932,35565,4554,627,333,486,2511,347,147,103,31011,2007,2492,2166,16051,5459,2040,796,49803,22863
2015-01-01T00:00:00.000,42,121,"Venango County, Pennsylvania",15068,7061,1591,1518,52729,8123,1040,1045,689,4114,838,270,127,44606,2230,2612,3089,23685,8793,3210,987,43644,23380
2015-01-01T00:00:00.000,42,123,"Warren County, Pennsylvania",11024,6089,931,1043,39977,4891,606,508,453,2498,544,193,89,35086,1856,1995,2468,18757,6842,2344,824,44020,24830
2015-01-01T00:00:00.000,42,125,"Washington County, Pennsylvania",55321,28418,3982,4949,203244,21074,2152,1927,1630,11548,2636,772,409,182170,10433,11851,12914,98711,32347,11246,4668,56450,30605
2015-01-01T00:00:00.000,42,127,"Wayne County, Pennsylvania",13254,6052,1051,1144,47904,6164,487,713,541,3367,656,278,122,41740,2081,2462,2874,21682,9049,2608,984,49919,24539
2015-01-01T00:00:00.000,42,129,"Westmoreland County, Pennsylvania",100715,50458,6945,9274,353277,36758,3801,3760,3004,19669,3797,1839,888,316519,16216,19543,21506,167913,61185,20269,9887,52247,29472
2015-01-01T00:00:00.000,42,131,"Wyoming County, Pennsylvania",7357,3537,564,674,27466,3030,332,431,269,1459,313,153,73,24436,1383,1544,1754,13391,4726,1213,425,51004,26087
2015-01-01T00:00:00.000,42,133,"York County, Pennsylvania",116539,50877,9123,7439,430380,46124,5449,5910,4812,23867,3922,1529,635,384256,25207,26678,29860,216516,60117,19097,6781,58269,28403
2016-01-01T00:00:00.000,42,1,"Adams County, Pennsylvania",27320,10949,1726,1301,97366,9117,1004,1175,995,4552,898,335,158,88249,5060,5710,6519,47729,16227,5257,1747,61927,28515
2016-01-01T00:00:00.000,42,3,"Allegheny County, Pennsylvania",303753,227322,26523,42261,1196956,152390,14466,13727,12265,87661,15272,5612,3387,1044566,61948,62545,66817,587667,177048,59290,29251,54357,33830
2016-01-01T00:00:00.000,42,5,"Armstrong County, Pennsylvania",18908,9342,1831,1749,66772,8786,1008,882,766,4354,1140,316,320,57986,3182,3339,3794,31037,11135,3766,1733,45879,24634
2016-01-01T00:00:00.000,42,7,"Beaver County, Pennsylvania",45872,24049,3643,4060,166470,18036,1914,2127,1577,9131,1951,919,417,148434,8795,8807,9769,80158,26747,9667,4491,51887,28018
2016-01-01T00:00:00.000,42,9,"Bedford County, Pennsylvania",13584,6173,1430,1320,48172,6846,683,722,591,3579,853,261,157,41326,2226,2643,3038,21390,8168,2865,996,46746,23632
2016-01-01T00:00:00.000,42,11,"Berks County, Pennsylvania",105227,47224,10967,8084,400995,57329,6672,7305,7028,29334,4705,1678,607,343666,22227,24011,25835,190592,55366,18505,7130,57068,27844
2016-01-01T00:00:00.000,42,13,"Blair County, Pennsylvania",32372,18582,3253,4211,123045,18196,2388,1683,1509,9776,1642,749,449,104849,5644,6978,7373,55829,19907,6251,2867,44033,24466
2016-01-01T00:00:00.000,42,15,"Bradford County, Pennsylvania",16667,7816,1392,1473,60869,7562,918,845,631,3638,1058,352,120,53307,3325,3624,4030,27845,10114,3186,1183,51035,26255
2016-01-01T00:00:00.000,42,17,"Bucks County, Pennsylvania",166486,67031,6689,8496,617879,36635,3035,3107,3275,19754,3993,2254,1217,581244,34812,41801,46554,321612,95516,28205,12744,79559,39958
2016-01-01T00:00:00.000,42,19,"Butler County, Pennsylvania",50894,23868,2742,4317,180498,15257,1261,1359,1051,8951,1724,508,403,165241,10222,11715,12697,90304,27562,8878,3863,63345,33406
2016-01-01T00:00:00.000,42,21,"Cambria County, Pennsylvania",36128,21086,3768,5150,130006,20274,2396,2154,1926,10518,1982,853,445,109732,5782,6807,6995,56148,22641,7946,3413,42917,23993
2016-01-01T00:00:00.000,42,23,"Cameron County, Pennsylvania",1292,895,112,171,4738,602,70,49,70,283,97,20,13,4136,189,198,245,2105,962,261,176,40347,25716
2016-01-01T00:00:00.000,42,25,"Carbon County, Pennsylvania",16910,8903,1354,1441,63230,7621,862,1045,813,3799,737,235,130,55609,2643,3372,3667,30496,10676,3345,1410,50822,25743
2016-01-01T00:00:00.000,42,27,"Centre County, Pennsylvania",32853,24184,2203,7565,141902,27170,1299,1046,928,22252,1065,394,186,114732,6635,6947,7296,68112,17892,5761,2089,54407,27584
2016-01-01T00:00:00.000,42,29,"Chester County, Pennsylvania",131242,55479,5628,6965,499329,35883,3758,3375,3333,20593,3139,1128,557,463446,31467,37205,40005,255891,70420,19606,8852,88995,44299
2016-01-01T00:00:00.000,42,31,"Clarion County, Pennsylvania",9948,5900,1047,1704,37402,6941,597,516,520,4424,599,213,72,30461,1674,1928,1964,16357,5832,2032,674,42890,22451
2016-01-01T00:00:00.000,42,33,"Clearfield County, Pennsylvania",20671,10632,2126,2429,75401,11196,1335,1161,993,5835,1323,378,171,64205,2996,4044,4451,34392,12377,4250,1695,43361,21650
2016-01-01T00:00:00.000,42,35,"Clinton County, Pennsylvania",9779,4931,1097,1228,37308,6436,892,718,501,3665,372,182,106,30872,1637,2063,2186,16776,5563,1861,786,47163,22084
2016-01-01T00:00:00.000,42,37,"Columbia County, Pennsylvania",16767,9589,1347,2628,62108,9498,726,684,602,6068,807,419,192,52610,2773,3378,3584,28862,9852,2934,1227,46952,24155
2016-01-01T00:00:00.000,42,39,"Crawford County, Pennsylvania",23147,11379,2360,2329,83244,12077,1474,1179,1158,6451,1208,466,141,71167,4042,4733,5604,36624,14262,4497,1405,45637,23578
2016-01-01T00:00:00.000,42,41,"Cumberland County, Pennsylvania",62004,34497,3524,4230,230275,19828,2165,1794,1973,11416,1439,682,359,210447,13412,14385,15125,114904,36212,11478,4931,62640,33079
2016-01-01T00:00:00.000,42,43,"Dauphin County, Pennsylvania",69660,40551,6351,6833,267468,35950,4764,3925,3576,19402,2963,908,412,231518,15658,14994,17297,130260,37237,11296,4776,54968,30068
2016-01-01T00:00:00.000,42,45,"Delaware County, Pennsylvania",136213,67397,10411,10807,541348,58737,6575,6075,5693,31909,5375,2204,906,482611,33472,34223,38092,268095,73406,23974,11349,66576,34857
2016-01-01T00:00:00.000,42,47,"Elk County, Pennsylvania",8538,4824,637,567,30657,2688,284,335,253,1378,268,154,16,27969,1472,1669,2016,14937,5123,2050,702,47917,25753
2016-01-01T00:00:00.000,42,49,"Erie County, Pennsylvania",69521,40526,8102,9553,266721,44452,5560,4914,4270,24560,3438,1164,546,222269,13544,15438,16422,122470,37638,11747,5010,47094,25555
2016-01-01T00:00:00.000,42,51,"Fayette County, Pennsylvania",33477,20177,4533,5526,130280,24277,2497,2385,2754,12464,2808,886,483,106003,5567,5599,6840,57034,21034,6722,3207,40511,22863
2016-01-01T00:00:00.000,42,53,"Forest County, Pennsylvania",1061,755,89,152,3040,387,14,18,17,171,136,17,14,2653,23,25,33,770,1249,429,124,36594,13283
2016-01-01T00:00:00.000,42,55,"Franklin County, Pennsylvania",41017,18375,3528,2456,150270,17504,2559,2303,1604,8514,1613,542,369,132766,8207,9368,10085,70924,22950,7759,3473,55751,27706
2016-01-01T00:00:00.000,42,57,"Fulton County, Pennsylvania",4161,1828,351,344,14544,1624,230,141,114,815,191,107,26,12920,742,846,973,6877,2456,776,250,49420,24327
2016-01-01T00:00:00.000,42,59,"Greene County, Pennsylvania",9545,4855,1106,932,33627,5141,644,597,401,2581,616,229,73,28486,1540,1869,1975,15284,5560,1538,720,49116,24389
2016-01-01T00:00:00.000,42,61,"Huntingdon County, Pennsylvania",11482,5493,1044,1249,40647,5572,606,521,536,2850,725,240,94,35075,2135,2336,2459,18047,6959,2217,922,45250,22217
2016-01-01T00:00:00.000,42,63,"Indiana County, Pennsylvania",21365,12694,2002,3973,81561,14533,1411,1065,805,9629,1005,361,257,67028,3567,4225,4604,36097,12698,4193,1644,45118,23886
2016-01-01T00:00:00.000,42,65,"Jefferson County, Pennsylvania",12346,6014,1294,1375,43694,6364,792,676,580,3198,697,297,124,37330,2145,2395,2681,19778,6984,2414,933,43913,22841
2016-01-01T00:00:00.000,42,67,"Juniata County, Pennsylvania",6430,2896,455,637,24469,2926,316,291,331,1398,402,107,81,21543,1446,1505,1614,11342,3756,1219,661,49028,23461
2016-01-01T00:00:00.000,42,69,"Lackawanna County, Pennsylvania",51845,33329,5496,6919,204825,31288,2935,3654,2822,16738,3345,1174,620,173537,9988,10942,11828,93644,31777,10135,5223,46673,26179
2016-01-01T00:00:00.000,42,71,"Lancaster County, Pennsylvania",138123,58048,9969,9147,518985,55977,7541,6680,5947,28434,4401,1812,1162,463008,34642,35859,35800,248770,73272,24230,10435,59237,28152
2016-01-01T00:00:00.000,42,73,"Lawrence County, Pennsylvania",24098,12204,2623,2706,86237,12374,1395,1168,1285,6486,1337,431,272,73863,4075,4650,5175,38332,14312,4833,2486,45764,25614
2016-01-01T00:00:00.000,42,75,"Lebanon County, Pennsylvania",35822,16425,2841,2282,133614,14293,1672,1633,1559,7369,1399,505,156,119321,8674,8340,9153,62918,20165,7449,2622,56191,27051
2016-01-01T00:00:00.000,42,77,"Lehigh County, Pennsylvania",90319,45044,8634,6988,349404,45552,5681,6006,4821,23498,4111,1032,403,303852,19686,21841,22841,169047,47737,15410,7290,57685,29587
2016-01-01T00:00:00.000,42,79,"Luzerne County, Pennsylvania",80743,46771,9577,9633,307021,48174,5990,5548,4978,24470,4287,1825,1076,258847,13321,14389,17560,142427,47725,16010,7415,46577,25899
2016-01-01T00:00:00.000,42,81,"Lycoming County, Pennsylvania",29609,15978,2972,3063,110490,15932,2087,1687,1436,8683,1301,387,351,94558,5703,6223,6580,50693,17390,5471,2498,48731,24855
2016-01-01T00:00:00.000,42,83,"McKean County, Pennsylvania",11041,6218,1385,1201,39315,6705,839,723,669,3823,494,110,47,32610,1642,2100,2075,17541,6213,2036,1003,44023,24303
2016-01-01T00:00:00.000,42,85,"Mercer County, Pennsylvania",30115,15235,3037,2868,107052,14962,1870,1718,1607,7707,1446,383,231,92090,4904,5494,6698,47583,17975,6476,2960,45831,24399
2016-01-01T00:00:00.000,42,87,"Mifflin County, Pennsylvania",12525,6170,1203,1358,45694,6676,945,929,546,3241,707,224,84,39018,2152,2746,2892,20112,7424,2637,1055,42019,21665
2016-01-01T00:00:00.000,42,89,"Monroe County, Pennsylvania",40649,16478,3677,2712,164605,20071,1566,1966,2242,11891,1852,360,194,144534,7229,9939,12017,82315,24222,6181,2631,58980,26128
2016-01-01T00:00:00.000,42,91,"Montgomery County, Pennsylvania",212317,97567,9235,11985,794839,52250,4202,4702,4900,28213,6126,2932,1175,742589,50420,54867,58343,410434,114033,36404,18088,81902,42995
2016-01-01T00:00:00.000,42,93,"Montour County, Pennsylvania",4558,2803,273,514,17639,1763,183,190,137,971,160,82,40,15876,1003,1022,1014,8455,2854,1075,453,55233,31293
2016-01-01T00:00:00.000,42,95,"Northampton County, Pennsylvania",78084,34735,4990,5163,289531,26379,2784,2547,2712,13908,2890,893,645,263152,15645,17293,19847,145090,44333,14135,6809,62753,31086
2016-01-01T00:00:00.000,42,97,"Northumberland County, Pennsylvania",24877,14315,2462,2975,89064,12974,1531,1257,1141,6979,1205,497,364,76090,4372,4736,4894,40307,14832,4752,2197,43701,23512
2016-01-01T00:00:00.000,42,99,"Perry County, Pennsylvania",12651,5232,653,787,44963,3921,471,435,262,2078,499,110,66,41042,2645,2690,3251,22588,7414,1815,639,58585,27648
2016-01-01T00:00:00.000,42,101,"Philadelphia County, Pennsylvania",310729,271865,63391,76391,1517069,392356,46494,41387,37113,218860,33447,10096,4959,1124713,79117,66656,70227,688379,153364,46633,20337,39770,23696
2016-01-01T00:00:00.000,42,103,"Pike County, Pennsylvania",15231,5904,1161,899,55489,5672,505,499,703,3100,679,138,48,49817,2109,3049,3927,26327,10204,2973,1228,61199,29695
2016-01-01T00:00:00.000,42,105,"Potter County, Pennsylvania",4271,2352,436,446,16963,2395,290,181,227,1230,344,73,50,14568,805,999,1087,7214,3057,963,443,40921,22929
2016-01-01T00:00:00.000,42,107,"Schuylkill County, Pennsylvania",37832,20509,3517,3921,138212,18029,1968,1835,1430,9465,2134,675,522,120183,6505,7964,8309,63911,22583,7644,3267,46573,24275
2016-01-01T00:00:00.000,42,109,"Snyder County, Pennsylvania",10522,4006,880,679,37990,4230,501,551,481,1992,387,207,111,33760,2109,2521,2474,18323,5758,1918,657,51110,24708
2016-01-01T00:00:00.000,42,111,"Somerset County, Pennsylvania",20406,9224,1821,1916,71265,8993,965,1035,816,4310,1083,510,274,62272,3386,3485,4153,32977,12380,4138,1753,45424,23402
2016-01-01T00:00:00.000,42,113,"Sullivan County, Pennsylvania",1626,1021,86,188,6105,731,24,29,59,457,98,41,23,5374,224,195,239,2788,1361,382,185,44926,26154
2016-01-01T00:00:00.000,42,115,"Susquehanna County, Pennsylvania",11719,5649,1043,1123,41386,5320,585,442,510,2814,675,219,75,36066,1733,2175,2598,19292,7238,2306,724,50160,26551
2016-01-01T00:00:00.000,42,117,"Tioga County, Pennsylvania",10998,5342,973,1133,41040,5509,735,453,265,3102,605,244,105,35531,1964,2312,2488,18780,6930,2337,720,48449,24626
2016-01-01T00:00:00.000,42,119,"Union County, Pennsylvania",9912,4737,893,907,35720,3991,392,226,482,2313,334,143,101,31729,2021,2359,2396,16567,5476,2053,857,51349,23316
2016-01-01T00:00:00.000,42,121,"Venango County, Pennsylvania",14904,7058,1426,1521,52262,7535,905,866,546,3909,981,209,119,44727,2355,2715,3045,23295,9055,3327,935,43885,24257
2016-01-01T00:00:00.000,42,123,"Warren County, Pennsylvania",10839,6065,936,1087,39648,5042,615,466,537,2539,597,195,93,34606,1795,1941,2403,18208,7098,2380,781,44977,25414
2016-01-01T00:00:00.000,42,125,"Washington County, Pennsylvania",55418,28327,3937,4699,203186,20471,1833,1951,1709,11002,2800,801,375,182715,10733,11999,12486,97919,33679,11200,4699,57534,31561
2016-01-01T00:00:00.000,42,127,"Wayne County, Pennsylvania",12938,6235,1060,1222,47564,6034,461,570,583,3390,659,247,124,41530,2165,2354,2732,21498,9161,2669,951,50595,24962
2016-01-01T00:00:00.000,42,129,"Westmoreland County, Pennsylvania",100335,50362,6945,9165,351822,36398,3559,3641,3037,19437,4030,1846,848,315424,16215,19497,20874,165503,63150,20293,9892,54142,30153
2016-01-01T00:00:00.000,42,131,"Wyoming County, Pennsylvania",7282,3519,520,650,27278,2817,288,314,264,1386,284,161,120,24461,1388,1572,1743,13360,4791,1183,424,53397,26823
2016-01-01T00:00:00.000,42,133,"York County, Pennsylvania",116599,51409,8734,7409,431103,45113,4965,5829,4779,23272,4160,1501,607,385990,25349,26965,29155,216232,61905,19740,6644,59853,28975
2017-01-01T00:00:00.000,42,1,"Adams County, Pennsylvania",27769,11049,1640,1348,97347,8548,1040,1025,777,4402,887,217,200,88799,5019,5787,6795,47017,17142,5250,1789,62661,29685
2017-01-01T00:00:00.000,42,3,"Allegheny County, Pennsylvania",304668,231771,25342,42969,1196109,149568,13909,13358,11677,85310,16175,5737,3402,1046541,62016,62557,66561,585079,182073,58742,29513,56333,35280
2017-01-01T00:00:00.000,42,5,"Armstrong County, Pennsylvania",19168,9074,1859,1702,66006,8577,1069,886,613,4246,1220,295,248,57429,2945,3274,4007,30523,11219,3862,1599,47527,25502
2017-01-01T00:00:00.000,42,7,"Beaver County, Pennsylvania",45668,24716,3564,4388,165522,17867,1879,1963,1378,9188,2136,900,423,147655,8735,9053,9674,78611,27490,9713,4379,53981,29162
2017-01-01T00:00:00.000,42,9,"Bedford County, Pennsylvania",13401,6265,1306,1341,48268,6585,623,719,505,3273,999,311,155,41683,2243,2551,3124,21298,8337,3035,1095,48703,24219
2017-01-01T00:00:00.000,42,11,"Berks County, Pennsylvania",106020,47856,10314,8275,402326,54762,6378,6766,6656,27717,4932,1743,570,347564,22384,24154,26318,191477,57084,18843,7304,59580,29041
2017-01-01T00:00:00.000,42,13,"Blair County, Pennsylvania",32825,18813,3611,4249,121889,18479,2280,1649,1532,10179,1711,822,306,103410,5659,6838,7413,54481,20100,6186,2733,45664,25531
2017-01-01T00:00:00.000,42,15,"Bradford County, Pennsylvania",16827,8024,1360,1518,60656,7430,758,978,728,3460,990,320,196,53226,3439,3431,4004,27559,10305,3244,1244,50900,26937
2017-01-01T00:00:00.000,42,17,"Bucks County, Pennsylvania",167411,68498,6735,8646,618095,37912,3098,3280,3555,20456,4206,2121,1196,580183,33875,41178,45736,318163,99647,29107,12477,82031,41924
2017-01-01T00:00:00.000,42,19,"Butler County, Pennsylvania",51256,24340,2781,4396,180426,15194,1233,1297,1099,8815,1835,405,510,165232,10111,11572,12642,89827,28461,8644,3975,66037,35101
2017-01-01T00:00:00.000,42,21,"Cambria County, Pennsylvania",36239,20915,3782,4975,128554,20115,2442,2146,1944,10211,2020,857,495,108439,5555,6699,6937,54541,23422,7772,3513,44943,24838
2017-01-01T00:00:00.000,42,23,"Cameron County, Pennsylvania",1237,959,103,195,4694,674,106,50,59,316,110,18,15,4020,139,191,283,1963,987,283,174,40402,24933
2017-01-01T00:00:00.000,42,25,"Carbon County, Pennsylvania",17046,8932,1502,1480,62882,8053,1009,1081,743,4094,780,246,100,54829,2448,3252,3726,29792,10923,3327,1361,51236,25680
2017-01-01T00:00:00.000,42,27,"Centre County, Pennsylvania",32917,24793,1970,7529,142864,26291,1074,993,942,21486,1111,486,199,116573,6824,7039,7420,68509,18773,5777,2231,56466,28545
2017-01-01T00:00:00.000,42,29,"Chester County, Pennsylvania",132897,55716,5309,6959,501816,34446,3075,3391,3237,19792,3366,1075,510,467370,31554,37036,40182,256754,72938,19592,9314,92417,46256
2017-01-01T00:00:00.000,42,31,"Clarion County, Pennsylvania",9968,5957,999,1603,37362,6553,557,587,498,4008,573,229,101,30809,1675,1838,1952,16624,5951,2066,703,44373,23595
2017-01-01T00:00:00.000,42,33,"Clearfield County, Pennsylvania",20690,10462,2162,2449,74774,11463,1335,1311,907,5941,1402,430,137,63311,3032,3776,4355,33802,12343,4351,1652,45188,22568
2017-01-01T00:00:00.000,42,35,"Clinton County, Pennsylvania",9683,4992,1009,1409,37308,6431,875,672,381,3748,450,195,110,30877,1651,2026,2281,16697,5560,1826,836,47990,22794
2017-01-01T00:00:00.000,42,37,"Columbia County, Pennsylvania",16911,9653,1498,2774,61879,9821,777,617,732,6259,827,396,213,52058,2730,3304,3420,28208,10090,3037,1269,48395,24908
2017-01-01T00:00:00.000,42,39,"Crawford County, Pennsylvania",23458,11644,2432,2389,83022,12032,1397,1141,1026,6499,1421,400,148,70990,4002,4803,5477,36005,14643,4643,1417,47179,24716
2017-01-01T00:00:00.000,42,41,"Cumberland County, Pennsylvania",62855,35064,2971,4248,232176,18112,1873,1689,1745,10466,1489,595,255,214064,13981,14853,15106,116305,37241,11637,4941,65544,34246
2017-01-01T00:00:00.000,42,43,"Dauphin County, Pennsylvania",69881,41608,6217,6848,268653,35516,4798,3789,3500,19104,3041,801,483,233137,15412,14846,17878,129616,39073,11622,4690,57071,31152
2017-01-01T00:00:00.000,42,45,"Delaware County, Pennsylvania",137459,67411,10106,10818,542641,56639,6149,5876,5256,30684,5335,2300,1039,486002,33682,34842,37463,267922,77282,23337,11474,69839,36747
2017-01-01T00:00:00.000,42,47,"Elk County, Pennsylvania",8602,4845,622,735,30350,2846,309,324,257,1451,291,184,30,27504,1508,1562,2014,14564,5193,2005,658,49876,27163
2017-01-01T00:00:00.000,42,49,"Erie County, Pennsylvania",69234,41143,8029,9635,265377,44492,6014,4949,3903,24281,3467,1259,619,220885,12784,15231,16625,120186,39249,11646,5164,48192,26361
2017-01-01T00:00:00.000,42,51,"Fayette County, Pennsylvania",34054,19989,4643,5371,129203,24348,2397,2655,2696,12468,2832,884,416,104855,5578,5459,6554,56011,21333,6600,3320,41632,24247
2017-01-01T00:00:00.000,42,53,"Forest County, Pennsylvania",866,607,60,92,2864,404,46,99,39,129,75,8,8,2460,105,112,79,541,1058,469,96,37106,14989
2017-01-01T00:00:00.000,42,55,"Franklin County, Pennsylvania",41038,19064,3038,2693,150524,15643,1943,2029,1311,7597,1723,608,432,134881,8543,9626,10476,71722,23204,7698,3612,58267,28985
2017-01-01T00:00:00.000,42,57,"Fulton County, Pennsylvania",4077,1870,340,391,14537,1665,159,141,123,893,213,108,28,12872,744,891,926,6732,2483,827,269,50007,25273
2017-01-01T00:00:00.000,42,59,"Greene County, Pennsylvania",9615,4869,1103,873,33849,5012,603,551,376,2636,588,169,89,28837,1599,1922,2011,15367,5673,1506,759,50972,25574
2017-01-01T00:00:00.000,42,61,"Huntingdon County, Pennsylvania",11616,5319,1108,1257,40426,5517,548,535,633,2767,699,228,107,34909,2039,2383,2413,17827,7075,2309,863,46765,22908
2017-01-01T00:00:00.000,42,63,"Indiana County, Pennsylvania",21340,12690,1749,3835,80656,13362,1226,953,780,8920,891,320,272,67294,3489,4111,4822,35745,13226,4263,1638,46306,25014
2017-01-01T00:00:00.000,42,65,"Jefferson County, Pennsylvania",12221,6231,1212,1399,43401,6157,811,618,492,3109,705,298,124,37244,2115,2458,2723,19502,7157,2354,935,45342,23895
2017-01-01T00:00:00.000,42,67,"Juniata County, Pennsylvania",6558,2803,530,675,24125,3155,351,378,411,1455,393,94,73,20970,1381,1467,1471,11174,3745,1088,644,50571,24068
2017-01-01T00:00:00.000,42,69,"Lackawanna County, Pennsylvania",52136,33771,5649,7272,203656,31419,2799,3644,2979,16836,3329,1252,580,172237,10072,11041,11384,92145,32471,9958,5166,48380,27258
2017-01-01T00:00:00.000,42,71,"Lancaster County, Pennsylvania",139173,59392,9446,9321,523009,54244,6977,6716,5369,27645,4297,1985,1255,468765,35664,36178,35770,250487,75496,24751,10419,61492,29280
2017-01-01T00:00:00.000,42,73,"Lawrence County, Pennsylvania",24456,12286,2593,2729,85952,12051,1298,1176,1111,6311,1331,562,262,73901,4099,4664,5168,37827,14750,4938,2455,47188,26918
2017-01-01T00:00:00.000,42,75,"Lebanon County, Pennsylvania",36740,16052,3023,2046,134152,14084,1656,1609,1325,7104,1721,509,160,120068,8359,8722,9360,63018,20588,7276,2745,57698,27916
2017-01-01T00:00:00.000,42,77,"Lehigh County, Pennsylvania",92116,45123,9208,6850,351347,46596,5629,5926,5042,23996,4410,1181,412,304751,19721,21359,23507,169199,48836,14957,7172,60116,30988
2017-01-01T00:00:00.000,42,79,"Luzerne County, Pennsylvania",81903,46344,9259,9333,306391,46537,6034,5199,4804,23712,4036,1678,1074,259854,13307,14439,17756,142036,49174,15545,7597,49290,26809
2017-01-01T00:00:00.000,42,81,"Lycoming County, Pennsylvania",29787,16204,2841,3277,109487,15375,2028,1633,1338,8345,1350,387,294,94112,5630,6154,6763,50053,17508,5574,2430,50634,26265
2017-01-01T00:00:00.000,42,83,"McKean County, Pennsylvania",10948,6251,1338,1203,38887,6738,828,696,630,3896,482,152,54,32149,1625,2123,2016,17154,6346,1939,946,45866,24868
2017-01-01T00:00:00.000,42,85,"Mercer County, Pennsylvania",29858,15947,2951,2751,106187,14521,1862,1689,1641,7521,1254,384,170,91666,4904,5315,6481,46969,18663,6339,2995,47340,25499
2017-01-01T00:00:00.000,42,87,"Mifflin County, Pennsylvania",12807,6132,1194,1145,45541,6133,907,775,498,2971,671,248,63,39408,2202,2778,3042,20202,7474,2619,1091,46286,23568
2017-01-01T00:00:00.000,42,89,"Monroe County, Pennsylvania",41181,16345,3325,2707,164869,18309,1396,1908,2050,10665,1772,415,103,146560,7473,9821,11479,82944,25597,6629,2617,61430,27439
2017-01-01T00:00:00.000,42,91,"Montgomery County, Pennsylvania",214517,98288,9299,11868,797257,50942,4350,4290,4717,27495,6258,2702,1130,746315,50053,54884,58581,409974,118445,36184,18194,84791,45048
2017-01-01T00:00:00.000,42,93,"Montour County, Pennsylvania",4545,2878,324,485,17606,1851,217,180,166,971,216,75,26,15755,980,1005,945,8415,2893,1146,371,56250,31818
2017-01-01T00:00:00.000,42,95,"Northampton County, Pennsylvania",78385,35442,5166,5214,289773,26583,2711,2884,2626,13697,3088,945,632,263190,15423,16877,19749,143508,46399,14341,6893,65390,32608
2017-01-01T00:00:00.000,42,97,"Northumberland County, Pennsylvania",24967,14314,2465,2989,88859,12762,1501,1211,1067,6945,1178,489,371,76097,4456,4752,4966,40118,14742,4795,2268,44534,24278
2017-01-01T00:00:00.000,42,99,"Perry County, Pennsylvania",12641,5295,585,846,45187,3791,509,404,187,1996,520,110,65,41396,2544,2734,3308,22469,7721,1948,672,60847,28900
2017-01-01T00:00:00.000,42,101,"Philadelphia County, Pennsylvania",311734,279546,62156,84172,1526582,393924,45603,39802,36903,219156,36851,10555,5054,1132658,79683,68613,69476,687709,158547,47837,20793,40649,24811
2017-01-01T00:00:00.000,42,103,"Pike County, Pennsylvania",15296,6083,1138,891,55094,5452,454,499,784,2967,550,138,60,49642,2046,2923,3859,26009,10648,3016,1141,63417,31156
2017-01-01T00:00:00.000,42,105,"Potter County, Pennsylvania",4269,2267,441,490,16815,2415,300,154,215,1232,378,91,45,14400,752,1018,1121,7074,3030,977,428,41406,23213
2017-01-01T00:00:00.000,42,107,"Schuylkill County, Pennsylvania",38216,20542,3483,3856,136941,17134,1776,1764,1425,8836,2185,633,515,119807,6488,8091,8262,63443,22917,7519,3087,47642,25224
2017-01-01T00:00:00.000,42,109,"Snyder County, Pennsylvania",10516,4060,903,678,38289,4310,531,597,468,1846,497,260,111,33979,2101,2528,2421,18336,5949,1973,671,54182,24961
2017-01-01T00:00:00.000,42,111,"Somerset County, Pennsylvania",20481,9437,1896,1945,70517,8935,945,986,858,4369,955,549,273,61582,3284,3393,4100,32113,12855,4096,1741,46132,23877
2017-01-01T00:00:00.000,42,113,"Sullivan County, Pennsylvania",1547,1101,100,215,5986,783,29,37,59,473,110,56,19,5203,209,170,227,2684,1357,384,172,45519,26720
2017-01-01T00:00:00.000,42,115,"Susquehanna County, Pennsylvania",11809,5595,1112,1111,41224,5350,600,467,492,2756,704,228,103,35874,1611,2124,2491,18911,7467,2476,794,52014,27823
2017-01-01T00:00:00.000,42,117,"Tioga County, Pennsylvania",10917,5204,938,1138,40773,5461,697,458,205,3046,639,319,97,35312,1941,2247,2578,18501,6978,2321,746,50017,25353
2017-01-01T00:00:00.000,42,119,"Union County, Pennsylvania",9922,4780,818,835,35804,3639,315,206,465,1967,345,193,148,32165,1978,2496,2327,16602,5856,2061,845,53768,25089
2017-01-01T00:00:00.000,42,121,"Venango County, Pennsylvania",14862,7063,1431,1382,51619,7032,820,789,511,3667,929,219,97,44587,2365,2696,2948,22914,9433,3298,933,46487,25190
2017-01-01T00:00:00.000,42,123,"Warren County, Pennsylvania",10971,6124,1042,1055,39399,5281,696,568,536,2543,660,191,87,34118,1712,1774,2379,17689,7345,2399,820,45781,26558
2017-01-01T00:00:00.000,42,125,"Washington County, Pennsylvania",55834,28063,3726,4826,202577,19629,1734,1667,1515,10624,2878,835,376,182948,10909,11989,12579,97242,34404,10969,4856,59309,32828
2017-01-01T00:00:00.000,42,127,"Wayne County, Pennsylvania",12882,6320,875,1173,47941,5323,359,392,559,2860,802,212,139,42618,2220,2366,2873,21462,9653,2959,1085,52161,25569
2017-01-01T00:00:00.000,42,129,"Westmoreland County, Pennsylvania",100971,50921,6933,9436,349635,36111,3285,3431,2740,19575,4344,1786,950,313524,16426,19256,20812,162407,64530,20570,9523,56702,31827
2017-01-01T00:00:00.000,42,131,"Wyoming County, Pennsylvania",7277,3524,547,611,27008,2810,274,310,229,1432,297,162,106,24198,1340,1480,1814,12981,4894,1252,437,55965,28046
2017-01-01T00:00:00.000,42,133,"York County, Pennsylvania",117907,51760,8626,7382,432306,44343,4845,5515,4622,22800,4157,1678,726,387963,25347,27085,29149,215698,64146,19848,6690,61707,30178
2018-01-01T00:00:00.000,42,1,"Adams County, Pennsylvania",27805,11416,1600,1447,97867,8597,999,1006,757,4369,891,314,261,89270,4999,5986,6749,46863,17564,5265,1844,64507,30534
2018-01-01T00:00:00.000,42,3,"Allegheny County, Pennsylvania",304137,233823,24029,42953,1192733,144842,13598,12487,11304,81658,16352,6084,3359,1047891,61784,61956,67113,581539,187705,58543,29251,58383,36907
2018-01-01T00:00:00.000,42,5,"Armstrong County, Pennsylvania",18990,9000,1634,1684,65626,7683,862,820,538,3694,1126,362,281,57943,2966,3371,4124,30339,11684,3791,1668,49032,26465
2018-01-01T00:00:00.000,42,7,"Beaver County, Pennsylvania",45585,25232,3474,4462,164272,17920,1853,1894,1605,9241,1964,904,459,146352,8660,8774,9420,77088,28480,9587,4343,55828,30016
2018-01-01T00:00:00.000,42,9,"Bedford County, Pennsylvania",13237,6437,1154,1331,48031,6116,555,631,446,3064,1024,258,138,41915,2394,2480,3094,21196,8489,3025,1237,49146,25163
2018-01-01T00:00:00.000,42,11,"Berks County, Pennsylvania",106646,47821,9696,8251,403561,51733,5873,6461,6096,25847,4957,1816,683,351828,22527,24856,26456,193435,58286,18774,7494,61522,30187
2018-01-01T00:00:00.000,42,13,"Blair County, Pennsylvania",33038,18587,3508,4139,120881,17645,1881,1542,1432,9857,1752,865,316,103236,5868,6721,7358,54197,20175,6269,2648,47969,26648
2018-01-01T00:00:00.000,42,15,"Bradford County, Pennsylvania",16685,8127,1342,1559,60418,7257,691,850,723,3480,991,324,198,53161,3526,3579,3939,27085,10451,3262,1319,51457,27319
2018-01-01T00:00:00.000,42,17,"Bucks County, Pennsylvania",168084,69299,6707,8550,618093,37423,2915,3001,3571,20128,4530,2216,1062,580670,34029,40266,45135,316829,101954,30022,12435,86055,44103
2018-01-01T00:00:00.000,42,19,"Butler County, Pennsylvania",51529,24711,2807,4079,181118,14952,1368,1165,1034,8491,1966,452,476,166166,10026,11588,12417,89472,29868,8682,4113,68472,36383
2018-01-01T00:00:00.000,42,21,"Cambria County, Pennsylvania",35807,20986,3735,4848,127569,19582,2238,2099,2088,9608,2157,868,524,107987,5786,6275,6954,53794,23970,7663,3545,45901,25779
2018-01-01T00:00:00.000,42,23,"Cameron County, Pennsylvania",1229,1003,115,199,4640,665,61,29,54,355,118,25,23,3975,165,183,280,1867,1030,288,162,41485,25898
2018-01-01T00:00:00.000,42,25,"Carbon County, Pennsylvania",16854,8885,1420,1466,62807,7861,922,1020,781,3757,905,323,153,54946,2459,3132,3816,29697,11273,3373,1196,53624,26867
2018-01-01T00:00:00.000,42,27,"Centre County, Pennsylvania",32728,25180,1785,7821,143192,26301,1034,905,910,21958,921,434,139,116891,6661,6999,7627,67573,19737,5936,2358,58055,29432
2018-01-01T00:00:00.000,42,29,"Chester County, Pennsylvania",134073,55519,5347,6840,504189,34217,3194,3278,3224,19199,3592,1211,519,469972,31456,37309,39434,256901,75078,20690,9104,96726,48225
2018-01-01T00:00:00.000,42,31,"Clarion County, Pennsylvania",10022,5802,988,1547,37563,6093,536,531,385,3795,580,176,90,31470,1820,1900,1968,16751,6180,2141,710,45625,24293
2018-01-01T00:00:00.000,42,33,"Clearfield County, Pennsylvania",20686,10663,2093,2364,74368,11052,1183,1380,915,5573,1390,462,149,63316,3013,3728,4290,33824,12366,4395,1700,47270,23743
2018-01-01T00:00:00.000,42,35,"Clinton County, Pennsylvania",9512,5232,981,1515,37248,6491,784,640,404,3823,506,223,111,30757,1754,2019,2224,16458,5644,1811,847,49234,23780
2018-01-01T00:00:00.000,42,37,"Columbia County, Pennsylvania",16458,10124,1301,2612,61399,8800,836,526,597,5608,699,348,186,52599,2629,3294,3568,28354,10375,3079,1300,49889,25794
2018-01-01T00:00:00.000,42,39,"Crawford County, Pennsylvania",23071,11941,2349,2451,82371,11577,1331,1027,999,6240,1437,405,138,70794,4055,4711,5499,35480,14975,4667,1407,49144,25731
2018-01-01T00:00:00.000,42,41,"Cumberland County, Pennsylvania",63457,35420,2808,3997,233835,17327,1685,1770,1628,9745,1636,593,270,216508,13949,14964,15371,116847,38382,11955,5040,68895,36012
2018-01-01T00:00:00.000,42,43,"Dauphin County, Pennsylvania",70149,41535,6355,6598,269833,34158,4813,3777,3907,17131,3200,873,457,235675,15386,14922,17832,130406,40696,11396,5037,58916,32485
2018-01-01T00:00:00.000,42,45,"Delaware County, Pennsylvania",138777,67628,9854,10562,542846,54468,5585,5751,4996,29485,5502,2177,972,488378,34190,35412,37113,267977,79041,23359,11286,71539,38251
2018-01-01T00:00:00.000,42,47,"Elk County, Pennsylvania",8719,5008,609,751,30141,2962,261,314,263,1576,369,146,33,27179,1555,1570,1910,14204,5239,1974,727,51112,28476
2018-01-01T00:00:00.000,42,49,"Erie County, Pennsylvania",69095,40955,7623,9466,263369,42812,5319,4864,3843,23521,3427,1267,571,220557,13109,14831,16702,118452,40485,11630,5348,49716,27349
2018-01-01T00:00:00.000,42,51,"Fayette County, Pennsylvania",34760,19751,4539,5163,128152,22683,2152,2299,2393,11707,2878,842,412,105469,5758,5376,6862,55575,21865,6899,3134,44476,25876
2018-01-01T00:00:00.000,42,53,"Forest County, Pennsylvania",951,680,72,118,3228,467,54,83,69,150,81,26,4,2761,118,125,140,681,1125,473,99,38383,15360
2018-01-01T00:00:00.000,42,55,"Franklin County, Pennsylvania",42164,18046,3144,2743,151453,15640,2090,1885,1506,7232,1738,759,430,135813,8705,9551,10394,71803,24008,7929,3423,59713,29748
2018-01-01T00:00:00.000,42,57,"Fulton County, Pennsylvania",4028,1922,344,419,14419,1650,166,160,97,874,229,88,36,12769,699,851,892,6643,2548,885,251,51259,26082
2018-01-01T00:00:00.000,42,59,"Greene County, Pennsylvania",9453,4758,986,887,33617,4778,482,493,386,2588,578,183,68,28839,1715,1926,2042,15076,5796,1561,723,54121,26902
2018-01-01T00:00:00.000,42,61,"Huntingdon County, Pennsylvania",11578,5230,1096,1130,40003,5335,525,504,657,2685,645,219,100,34668,1878,2409,2334,17362,7333,2559,793,48597,24159
2018-01-01T00:00:00.000,42,63,"Indiana County, Pennsylvania",21537,12355,1762,3889,79739,13430,1163,1022,819,8736,1006,357,327,66309,3501,3942,4668,34933,13343,4260,1662,46877,25276
2018-01-01T00:00:00.000,42,65,"Jefferson County, Pennsylvania",12269,6196,1234,1311,43223,6011,781,556,512,2994,722,311,135,37212,2122,2567,2621,19390,7213,2367,932,46818,24974
2018-01-01T00:00:00.000,42,67,"Juniata County, Pennsylvania",6549,2855,455,650,24267,2876,348,352,318,1305,380,108,65,21391,1550,1294,1650,11212,3939,1064,682,52765,25057
2018-01-01T00:00:00.000,42,69,"Lackawanna County, Pennsylvania",52525,34103,5610,7130,203446,30748,3016,3503,2689,16399,3570,998,573,172698,9994,11402,11596,91038,33301,10107,5260,50875,28427
2018-01-01T00:00:00.000,42,71,"Lancaster County, Pennsylvania",139910,59979,8956,9668,525854,52452,6497,6273,5057,27110,4157,2024,1334,473402,35415,36919,36244,251155,77728,25879,10062,63823,30778
2018-01-01T00:00:00.000,42,73,"Lawrence County, Pennsylvania",24437,12470,2558,2760,85189,12017,1239,1156,1099,6182,1543,567,231,73172,4096,4600,5007,36994,15147,5200,2128,48860,27734
2018-01-01T00:00:00.000,42,75,"Lebanon County, Pennsylvania",36955,16326,3076,2135,135004,14073,1797,1817,1263,6911,1613,530,142,120931,7957,8661,9548,62971,21511,7517,2766,59114,28560
2018-01-01T00:00:00.000,42,77,"Lehigh County, Pennsylvania",92651,45357,8577,6844,353125,44179,4854,5555,4828,22628,4556,1280,478,308946,20391,21838,23740,170678,50023,14943,7333,62178,32252
2018-01-01T00:00:00.000,42,79,"Luzerne County, Pennsylvania",81294,46760,8939,9106,306067,45514,5817,5085,4824,22959,3960,1796,1073,260553,13439,14600,17669,141790,50124,15368,7563,51646,27919
2018-01-01T00:00:00.000,42,81,"Lycoming County, Pennsylvania",29880,16017,2872,3512,108645,15403,1949,1597,1427,8192,1468,496,274,93242,5673,5941,6693,48963,18000,5569,2403,52407,26867
2018-01-01T00:00:00.000,42,83,"McKean County, Pennsylvania",10806,6363,1267,1231,38615,6480,800,752,576,3560,554,169,69,32135,1698,2029,2004,17036,6492,1937,939,46953,25517
2018-01-01T00:00:00.000,42,85,"Mercer County, Pennsylvania",29724,16304,3182,2706,105169,14935,1785,1686,1822,7733,1345,417,147,90234,4632,5443,5951,45752,19131,6368,2957,48768,26561
2018-01-01T00:00:00.000,42,87,"Mifflin County, Pennsylvania",13045,6049,1294,1190,45514,6574,1004,892,509,3234,600,280,55,38940,2205,2489,3094,19648,7734,2740,1030,47526,24407
2018-01-01T00:00:00.000,42,89,"Monroe County, Pennsylvania",40250,16520,3376,2824,165208,19004,1529,1842,1916,10793,2211,617,96,146204,7342,9787,11012,82060,26636,6741,2626,63931,28486
2018-01-01T00:00:00.000,42,91,"Montgomery County, Pennsylvania",216309,97640,8966,11773,799934,49866,4112,4632,4135,27193,6059,2482,1253,750068,50260,54590,58851,409263,121724,37246,18134,88166,46776
2018-01-01T00:00:00.000,42,93,"Montour County, Pennsylvania",4670,2812,308,579,17605,1957,234,194,161,970,287,77,34,15648,1042,959,933,8233,2981,1103,397,57183,34095
2018-01-01T00:00:00.000,42,95,"Northampton County, Pennsylvania",78154,35969,5033,4960,290309,26465,2761,2859,2822,13444,2985,1005,589,263844,15158,16344,19725,143396,47518,14700,7003,67565,34017
2018-01-01T00:00:00.000,42,97,"Northumberland County, Pennsylvania",25078,14054,2356,3186,88097,12283,1398,1042,1009,6620,1253,571,390,75814,4257,5015,4973,39513,15096,4684,2276,47063,25506
2018-01-01T00:00:00.000,42,99,"Perry County, Pennsylvania",12750,5341,616,911,45301,3848,446,458,124,2036,579,140,65,41453,2651,2860,3198,22321,7771,2032,620,62266,29685
2018-01-01T00:00:00.000,42,101,"Philadelphia County, Pennsylvania",321389,273389,63107,74641,1532157,380873,43194,40915,36893,206680,37535,10852,4804,1151284,81247,69429,68413,698624,164202,49217,20152,43744,26557
2018-01-01T00:00:00.000,42,103,"Pike County, Pennsylvania",15441,6430,1280,937,54995,5476,451,471,673,2874,732,202,73,49519,1907,2877,3764,25935,10798,3130,1108,64247,33111
2018-01-01T00:00:00.000,42,105,"Potter County, Pennsylvania",4320,2203,407,503,16686,2392,336,154,195,1203,367,81,56,14294,751,982,1098,6889,3137,1015,422,42821,24087
2018-01-01T00:00:00.000,42,107,"Schuylkill County, Pennsylvania",38182,20551,3553,3923,136204,17294,1740,1707,1400,8846,2393,697,511,118910,6501,8134,8487,62348,23030,7349,3061,49190,26070
2018-01-01T00:00:00.000,42,109,"Snyder County, Pennsylvania",10539,4177,812,640,38139,4046,535,565,398,1661,456,310,121,34093,1992,2366,2579,18449,6055,1999,653,57638,26415
2018-01-01T00:00:00.000,42,111,"Somerset County, Pennsylvania",20190,9518,1799,1923,69779,8681,922,946,874,4201,1009,448,281,61098,3366,3334,4106,31424,12958,4204,1706,48224,25294
2018-01-01T00:00:00.000,42,113,"Sullivan County, Pennsylvania",1613,1108,101,206,5983,801,29,30,77,476,121,47,21,5182,208,164,203,2693,1355,391,168,47346,28665
2018-01-01T00:00:00.000,42,115,"Susquehanna County, Pennsylvania",11518,5829,967,1171,40870,5012,527,455,426,2520,756,220,108,35858,1679,2162,2392,18558,7661,2604,802,53059,29630
2018-01-01T00:00:00.000,42,117,"Tioga County, Pennsylvania",10837,5341,999,1221,40546,5773,771,560,233,3214,636,290,69,34773,1770,2120,2566,18052,7058,2338,869,50667,26059
2018-01-01T00:00:00.000,42,119,"Union County, Pennsylvania",9764,4975,780,844,35945,4059,369,230,484,2230,354,237,155,31886,2050,2274,2537,16119,5968,2045,893,56026,25606
2018-01-01T00:00:00.000,42,121,"Venango County, Pennsylvania",14579,7336,1426,1487,51214,7088,749,783,503,3743,984,249,77,44126,2215,2706,3025,22248,9697,3235,1000,47982,25837
2018-01-01T00:00:00.000,42,123,"Warren County, Pennsylvania",11120,5960,1004,1012,39154,4975,618,481,548,2357,701,191,79,34179,1708,1938,2285,17478,7465,2466,839,48409,27593
2018-01-01T00:00:00.000,42,125,"Washington County, Pennsylvania",55379,28721,3536,4804,202499,18777,1671,1604,1267,10310,2762,799,364,183722,10951,12113,12563,96409,35696,11316,4674,61567,34244
2018-01-01T00:00:00.000,42,127,"Wayne County, Pennsylvania",12474,6265,855,1226,47807,5552,324,400,630,2943,910,266,79,42255,2324,2377,2585,21099,9780,2953,1137,54851,26570
2018-01-01T00:00:00.000,42,129,"Westmoreland County, Pennsylvania",100627,51038,6780,9090,347644,34762,2910,3077,2752,18470,4606,1953,994,312882,16306,19440,20462,161124,65376,20700,9474,58866,32916
2018-01-01T00:00:00.000,42,131,"Wyoming County, Pennsylvania",7301,3483,550,560,26810,2805,269,292,246,1436,313,163,86,24005,1366,1433,1699,12745,4983,1298,481,59308,28810
2018-01-01T00:00:00.000,42,133,"York County, Pennsylvania",118697,52547,8300,7326,434564,43381,4427,5542,4451,22571,4031,1701,658,391183,25929,27135,29567,214203,67220,19998,7131,63902,31468
2019-01-01T00:00:00.000,42,1,"Adams County, Pennsylvania",27648,11697,1395,1420,98301,7622,831,837,736,3734,916,324,244,90679,5238,6074,6753,47140,18193,5401,1880,67253,31590
2019-01-01T00:00:00.000,42,3,"Allegheny County, Pennsylvania",303147,238394,22086,43178,1189220,138335,12730,11320,10538,76969,17099,6301,3378,1050885,62547,62251,66887,579182,192563,58012,29443,61043,38709
2019-01-01T00:00:00.000,42,5,"Armstrong County, Pennsylvania",18818,9319,1497,1764,65167,7215,826,646,453,3395,1240,353,302,57952,2990,3588,4014,29828,12102,3991,1439,51410,27715
2019-01-01T00:00:00.000,42,7,"Beaver County, Pennsylvania",45240,25927,3376,4582,163216,17994,1936,1856,1711,8927,2204,913,447,145222,8609,8749,8983,75892,29124,9683,4182,57807,31305
2019-01-01T00:00:00.000,42,9,"Bedford County, Pennsylvania",13176,6706,1039,1379,47728,5679,423,496,436,2834,1020,319,151,42049,2416,2603,2963,21190,8579,3121,1177,50509,26078
2019-01-01T00:00:00.000,42,11,"Berks County, Pennsylvania",106447,48265,8925,8230,404844,48573,5839,6055,5245,24093,4877,1782,682,356271,22687,25096,26906,195115,59695,19137,7635,63728,31571
2019-01-01T00:00:00.000,42,13,"Blair County, Pennsylvania",33394,18732,3600,4126,120340,17648,1794,1744,1506,9564,1927,811,302,102692,5823,6591,7198,53933,20142,6579,2426,49181,28119
2019-01-01T00:00:00.000,42,15,"Bradford County, Pennsylvania",16797,8224,1506,1563,60147,7643,922,725,849,3576,975,325,271,52504,3302,3746,3694,26636,10451,3279,1396,52358,28392
2019-01-01T00:00:00.000,42,17,"Bucks County, Pennsylvania",168793,70037,6513,8394,618415,36275,2492,2961,3659,18969,4601,2426,1167,582140,33679,39524,45075,315575,105198,30817,12272,89139,45849
2019-01-01T00:00:00.000,42,19,"Butler County, Pennsylvania",51336,25166,2796,4211,181455,14957,1225,1165,1061,8463,2143,425,475,166498,10031,11698,11985,88987,30737,8909,4151,70668,37811
2019-01-01T00:00:00.000,42,21,"Cambria County, Pennsylvania",35280,21394,3635,4922,126423,19466,2171,2150,2037,9424,2393,803,488,106957,5705,6086,6952,52823,24150,7661,3580,46659,26008
2019-01-01T00:00:00.000,42,23,"Cameron County, Pennsylvania",1195,989,127,208,4572,698,91,63,56,330,107,27,24,3874,185,132,240,1837,1020,312,148,41165,24528
2019-01-01T00:00:00.000,42,25,"Carbon County, Pennsylvania",16844,9199,1240,1511,62558,7328,819,831,652,3547,958,320,201,55230,2595,3180,3759,29387,11762,3170,1377,57006,29202
2019-01-01T00:00:00.000,42,27,"Centre County, Pennsylvania",32870,25331,1772,7560,143344,26030,1025,818,728,21951,994,378,136,117314,6521,7211,7703,66652,20590,6226,2411,60403,30753
2019-01-01T00:00:00.000,42,29,"Chester County, Pennsylvania",135203,55777,5038,7063,506870,32620,2872,2814,2907,18387,3746,1366,528,474250,31855,37392,39851,256567,77913,21301,9371,100214,50927
2019-01-01T00:00:00.000,42,31,"Clarion County, Pennsylvania",9999,6022,960,1675,37537,6107,527,523,392,3652,703,207,103,31430,1752,1887,2064,16772,6059,2225,671,46680,25157
2019-01-01T00:00:00.000,42,33,"Clearfield County, Pennsylvania",20505,10743,1953,2403,74047,10777,1250,1377,889,5323,1359,444,135,63270,3126,3702,4210,33679,12338,4516,1699,49015,24403
2019-01-01T00:00:00.000,42,35,"Clinton County, Pennsylvania",9296,5394,848,1402,37185,5777,504,468,417,3515,565,193,115,31408,2012,2000,2286,16645,5727,1852,886,50923,25794
2019-01-01T00:00:00.000,42,37,"Columbia County, Pennsylvania",16206,10166,1518,2664,61000,9150,779,617,633,5546,891,487,197,51850,2633,3091,3569,27901,10356,2989,1311,50550,26787
2019-01-01T00:00:00.000,42,39,"Crawford County, Pennsylvania",23096,12068,2080,2514,81944,10855,1253,1085,856,5647,1408,431,175,71089,4256,4609,5383,35730,14974,4685,1452,50304,26582
2019-01-01T00:00:00.000,42,41,"Cumberland County, Pennsylvania",64004,35800,2755,3920,235647,16370,1423,1736,1455,9097,1769,565,325,219277,14408,15216,15517,117851,39012,12242,5031,71269,37500
2019-01-01T00:00:00.000,42,43,"Dauphin County, Pennsylvania",69605,42607,6151,6389,271057,33354,4420,3763,4141,16558,3185,843,444,237703,15729,14945,18010,130267,41938,11722,5092,60715,33639
2019-01-01T00:00:00.000,42,45,"Delaware County, Pennsylvania",139045,68212,9818,10955,543919,54356,5382,6432,4764,29101,5658,1974,1045,489563,33797,35523,37175,267144,80887,23337,11700,74477,40026
2019-01-01T00:00:00.000,42,47,"Elk County, Pennsylvania",8671,5349,464,952,29922,2836,282,251,248,1515,363,153,24,27086,1543,1550,1932,14028,5350,2086,597,53440,29772
2019-01-01T00:00:00.000,42,49,"Erie County, Pennsylvania",68493,41825,7431,9531,260956,41793,5136,4316,3841,22723,3833,1339,605,219163,13137,14950,16218,116396,41396,11714,5352,51529,28306
2019-01-01T00:00:00.000,42,51,"Fayette County, Pennsylvania",34500,20337,4298,5013,126862,21911,2036,2125,2477,11234,2755,829,455,104951,5591,5493,6673,54684,22572,6887,3051,47364,27368
2019-01-01T00:00:00.000,42,53,"Forest County, Pennsylvania",1079,760,143,162,3613,654,38,94,75,226,147,70,4,2959,129,111,212,875,1093,436,103,39717,15245
2019-01-01T00:00:00.000,42,55,"Franklin County, Pennsylvania",42070,18368,2699,2547,151885,14050,1699,1736,1579,6480,1508,708,340,137835,9169,9508,10251,72192,24836,8426,3453,63379,31221
2019-01-01T00:00:00.000,42,57,"Fulton County, Pennsylvania",4020,1969,321,435,14409,1624,145,207,72,809,280,78,33,12785,687,854,856,6649,2545,910,284,53476,27396
2019-01-01T00:00:00.000,42,59,"Greene County, Pennsylvania",9432,4798,935,976,33320,4482,465,405,392,2423,610,144,43,28838,1745,1917,2062,14796,5952,1590,776,54776,27783
2019-01-01T00:00:00.000,42,61,"Huntingdon County, Pennsylvania",11555,5224,1035,1121,39825,4917,478,490,569,2335,677,247,121,34908,1900,2376,2378,17435,7426,2623,770,51678,25746
2019-01-01T00:00:00.000,42,63,"Indiana County, Pennsylvania",21122,12124,1726,3531,79196,12898,1101,990,864,8142,1053,464,284,66298,3452,4044,4469,34725,13673,4225,1710,49320,26509
2019-01-01T00:00:00.000,42,65,"Jefferson County, Pennsylvania",12151,6276,1303,1420,42983,6511,878,617,615,3220,753,305,123,36472,2114,2329,2549,18857,7346,2384,893,47603,25509
2019-01-01T00:00:00.000,42,67,"Juniata County, Pennsylvania",6410,2962,377,696,24326,2637,269,362,295,1150,384,117,60,21689,1555,1317,1708,11246,4070,1131,662,53879,26239
2019-01-01T00:00:00.000,42,69,"Lackawanna County, Pennsylvania",53355,33806,5684,6758,202694,29788,2782,3389,2771,15975,3217,1071,583,172906,10175,11354,11706,90096,34372,10419,4784,52821,29899
2019-01-01T00:00:00.000,42,71,"Lancaster County, Pennsylvania",141098,60522,9265,9646,528680,53659,6374,6459,5280,27648,4512,2083,1303,475021,35603,36307,36150,250205,80074,25983,10699,66056,32194
2019-01-01T00:00:00.000,42,73,"Lawrence County, Pennsylvania",24327,12728,2452,2748,84605,11670,1286,1095,1051,5820,1556,621,241,72935,4094,4477,5041,36667,15440,5105,2111,50204,28926
2019-01-01T00:00:00.000,42,75,"Lebanon County, Pennsylvania",36591,16988,3167,2195,136039,14715,1868,1999,1310,7007,1718,612,201,121324,7662,8712,9736,62783,22118,7490,2823,60281,29130
2019-01-01T00:00:00.000,42,77,"Lehigh County, Pennsylvania",93934,44780,8596,6819,355304,44387,5165,5432,5304,22012,4648,1313,513,310917,20328,21906,23421,171583,51289,15420,6970,63897,33566
2019-01-01T00:00:00.000,42,79,"Luzerne County, Pennsylvania",81052,47608,8737,8883,305739,45053,5551,5314,4802,22593,4037,1736,1020,260686,13823,14645,17199,141058,50948,15622,7391,53473,28972
2019-01-01T00:00:00.000,42,81,"Lycoming County, Pennsylvania",29740,15868,2735,3416,107874,14691,1786,1609,1274,7788,1466,477,291,93183,5585,5931,6690,48549,18352,5697,2379,54241,27950
2019-01-01T00:00:00.000,42,83,"McKean County, Pennsylvania",10860,6287,1212,1294,38319,6172,663,762,590,3378,520,190,69,32147,1792,1907,2029,16850,6703,2017,849,48647,27023
2019-01-01T00:00:00.000,42,85,"Mercer County, Pennsylvania",29355,16985,3047,2748,104066,14470,1629,1568,1658,7614,1422,405,174,89596,4697,5239,6016,44949,19345,6228,3122,50696,27639
2019-01-01T00:00:00.000,42,87,"Mifflin County, Pennsylvania",13229,5814,1231,1055,45537,6127,971,803,409,2942,606,355,41,39410,2353,2545,3161,19706,7849,2746,1050,50219,25469
2019-01-01T00:00:00.000,42,89,"Monroe County, Pennsylvania",40412,16686,3196,2850,165579,18550,1484,1678,1682,10514,2403,568,221,147029,7738,9562,10748,82149,27216,7297,2319,63934,29662
2019-01-01T00:00:00.000,42,91,"Montgomery County, Pennsylvania",217701,98505,8744,11165,802207,47517,3878,4324,3897,25951,5961,2309,1197,754690,50589,54261,59433,407953,125960,38231,18263,91546,48845
2019-01-01T00:00:00.000,42,93,"Montour County, Pennsylvania",4683,2721,318,527,17546,1836,256,166,109,903,255,77,70,15710,1026,1028,939,8209,3016,1009,483,58333,34575
2019-01-01T00:00:00.000,42,95,"Northampton County, Pennsylvania",77981,36204,4584,4746,291401,25000,2738,2596,2551,12387,3209,990,529,266401,14987,16598,19966,143772,48787,15260,7031,70471,35270
2019-01-01T00:00:00.000,42,97,"Northumberland County, Pennsylvania",25075,14000,2344,3071,87589,11552,1393,1042,856,6075,1293,625,268,76037,4288,4943,5018,39071,15647,4795,2275,48671,26389
2019-01-01T00:00:00.000,42,99,"Perry County, Pennsylvania",12884,5347,708,1010,45442,4223,477,506,166,2182,609,213,70,41219,2629,2789,3177,22043,7881,2130,570,63718,30785
2019-01-01T00:00:00.000,42,101,"Philadelphia County, Pennsylvania",325916,275421,62413,75156,1535277,373727,41111,41010,35765,199804,39802,11228,5007,1161550,81390,70495,68622,703097,168216,49956,19774,45927,27924
2019-01-01T00:00:00.000,42,103,"Pike County, Pennsylvania",15468,6651,1156,922,54989,5248,423,450,717,2743,617,202,96,49741,1891,2800,3586,26317,10719,3294,1134,65928,34589
2019-01-01T00:00:00.000,42,105,"Potter County, Pennsylvania",4286,2194,361,502,16554,2229,322,189,172,1044,375,87,40,14325,779,948,1057,6877,3190,1067,407,45419,24797
2019-01-01T00:00:00.000,42,107,"Schuylkill County, Pennsylvania",38361,20388,3385,4110,135206,16816,1529,1692,1382,8704,2521,558,430,118390,6558,8131,8512,61602,23071,7500,3016,52280,27431
2019-01-01T00:00:00.000,42,109,"Snyder County, Pennsylvania",10528,4266,795,627,38125,3983,529,548,367,1672,473,288,106,34142,2051,2295,2604,18156,6218,2121,697,58997,27482
2019-01-01T00:00:00.000,42,111,"Somerset County, Pennsylvania",19941,9703,1794,1949,69090,8559,941,889,858,4148,1044,430,249,60531,3262,3361,3945,30738,13201,4155,1869,49089,25781
2019-01-01T00:00:00.000,42,113,"Sullivan County, Pennsylvania",1590,1133,96,243,5925,782,26,21,87,415,176,39,18,5143,199,164,209,2592,1402,418,159,47407,30375
2019-01-01T00:00:00.000,42,115,"Susquehanna County, Pennsylvania",11556,5679,980,1011,40454,4864,496,457,441,2438,734,201,97,35590,1676,2107,2287,18040,7986,2708,786,54966,31309
2019-01-01T00:00:00.000,42,117,"Tioga County, Pennsylvania",10800,5510,988,1239,40362,5340,540,513,285,2918,741,269,74,35022,1954,2156,2562,17973,7054,2409,914,51324,26301
2019-01-01T00:00:00.000,42,119,"Union County, Pennsylvania",9490,5043,796,887,36023,4258,306,266,514,2360,362,268,182,31765,2111,2222,2487,15833,6114,1955,1043,59399,27079
2019-01-01T00:00:00.000,42,121,"Venango County, Pennsylvania",14351,7699,1314,1523,50605,6513,585,685,440,3451,1018,273,61,44092,2292,2680,2993,22004,9865,3327,931,49945,26969
2019-01-01T00:00:00.000,42,123,"Warren County, Pennsylvania",11079,6036,911,1095,39012,4926,657,506,511,2313,671,171,97,34086,1641,2139,2145,17065,7719,2513,864,50250,28230
2019-01-01T00:00:00.000,42,125,"Washington County, Pennsylvania",55365,29583,3378,5235,202068,18660,1684,1539,1197,10092,2874,813,461,183408,11205,12316,11950,94936,36789,11479,4733,63543,35537
2019-01-01T00:00:00.000,42,127,"Wayne County, Pennsylvania",12572,6269,845,1170,47703,5455,275,326,668,3000,865,252,69,42248,2279,2340,2572,20621,10192,2934,1310,56096,27412
2019-01-01T00:00:00.000,42,129,"Westmoreland County, Pennsylvania",99160,53123,6625,9611,345567,34582,3086,2854,2735,17822,5316,1886,883,310985,16071,19019,20342,158507,66530,20953,9563,60471,34274
2019-01-01T00:00:00.000,42,131,"Wyoming County, Pennsylvania",7188,3602,549,567,26519,2764,242,264,228,1447,349,160,74,23755,1351,1405,1671,12330,5103,1402,493,59415,29584
2019-01-01T00:00:00.000,42,133,"York County, Pennsylvania",118977,53444,7753,7533,435951,41925,4154,5256,4115,21288,4479,1832,801,394026,26263,27174,29838,213993,69123,20310,7325,66457,32623
